id,score
001519c8,3.3552325165752293
0022f953,3.4754336083669277
0042269b,3.919323033891809
0059420b,2.922943476695411
0075873a,3.3104416394209704
0081af50,3.2379620400798443
0093f095,2.981954846995218
009e23ab,3.3415272088564594
00e048f1,2.8667573111514515
00e1f05a,4.894745308311398
00e713bd,4.297350725459843
00f0737e,3.3560351370159687
00f8e84c,4.061329428150963
00fc9a6a,3.356234678819163
0144e4d5,3.1918276721191896
014e7ae9,3.9410720076600207
015aa732,3.81241202006907
0178a105,3.7046657796752136
0182aa1c,3.766210171450676
0190ff4c,3.2434183387163804
01963e20,4.143442205955036
019737b6,4.476824233872884
01992d32,4.103319552966797
01c359fc,3.8140442255444387
01d0ba4b,2.9085130197398903
01d602a7,3.9749800926854624
0249a095,4.338599168066868
0262bf61,4.113809260507622
026be946,4.509066960673386
0294b4f5,3.0172147175913127
02a41d1a,3.471078687179303
02cf6a52,3.270950735086682
02d3c9fc,3.735738482717732
02e86b6a,4.234658095650973
031c0c58,3.500698539074662
034d61db,4.0560590984486335
035f09fc,3.776676054341239
036cfd42,4.641126835767007
0395b217,4.019663012030568
03971ddf,4.111116903375432
040c429b,4.332856913947741
0417d421,3.2526531302753625
0432f117,3.7648374735837207
0445b534,2.931464168204783
044b274d,4.447326311208658
044c5c54,2.780036776385476
048fd254,3.307220628019996
04b88b3e,4.044482492087768
04c5f885,2.8794323531543227
04e37b6b,3.2164724214974343
04e63aec,4.229263179240824
04f83ccb,4.561834377570768
052a7811,3.437817298138582
052b25e1,4.645571118985493
052cf3a6,2.980019606344137
053be4e5,4.082145815541879
05624ab0,3.046221591276791
056c41fc,3.0431103247733597
05b35fa0,3.2531895390234484
05f425a4,3.734553725528018
05f8ca37,3.520410514355476
06336d82,4.988594463199114
064a82e9,4.018419629324411
0657fcde,3.975428344230939
0666fb4e,4.482438723693628
069d668b,4.086857526689869
06cba5d7,3.6263332079216033
06e59db8,5.190028101923572
06f33221,3.892415345343491
073b3535,4.306894612454043
075f92a5,4.436838172019443
077ee03e,4.3276807566793885
078a6196,4.290593596589931
07bb2245,3.308226229500983
07bb7765,3.7861771525608487
07c36ae1,3.7370487317257237
07e41499,3.5502446027801473
07f3409c,4.312055161129107
081d84f4,3.627247630548189
08276ea7,3.1244964211767314
08288a1f,3.829026944942935
08390d49,3.290093767682613
088efb89,3.7045394580705167
08dbdc95,4.668669311995154
08e3c7ae,1.0445784723877627
08e82426,3.881004984850591
08eb331a,3.0334587082011075
08ed1a7f,3.612592302636025
08f461ac,4.625973720979011
08f9b53a,4.465119295523555
0916cdad,3.697180083319434
09429577,3.817340464689671
0949205b,3.302820070587832
098c4b58,3.8981715520651736
098f7878,4.358673141473116
09a67581,5.19048510662425
09bf7971,4.234863021992057
09ea6d33,2.9881933993511334
09eb3ce5,3.0437330893948475
0a1be27b,3.233561321784233
0a21bbd6,4.012500036632219
0a248634,4.490076093132747
0a31d60e,3.7044441876481295
0a4e3aec,3.137574272792178
0a4eae7a,3.1934646932631816
0a59a757,3.9130255780175567
0a98043e,3.647477166301806
0ad15907,3.18794349193565
0ad30c56,4.445796532231135
0b7d9563,2.8462395481956695
0bcf7a38,3.574000159723887
0bdda3d0,3.772313400013878
0be614b2,4.115604536200459
0c0f5e03,3.689470251412123
0c13191d,3.62345757529435
0c3c0e97,3.2925876945340655
0c63312a,3.544138557201235
0c683abf,3.84705314256919
0c6ae36d,2.877576869159709
0c6dc776,4.085959347111306
0c81d872,3.273817767082808
0c97760e,3.8681250885623637
0ca05fe3,3.8269051527429383
0cb03a4b,3.9976783248268193
0cbb4d8a,3.8884666898566134
0cdbef4c,3.69571510446313
0cdd67f7,4.087648150703573
0cf8f260,3.3922669771343053
0d0f5c6a,4.204576585516792
0d341ad9,2.9281439295172462
0d71be2a,4.127267706093566
0d9a48c8,4.828264860578821
0d9d8d5c,2.828565726254748
0e1ed32d,3.5061038398201925
0e45ff80,3.497033507388752
0e47a081,4.444086456807704
0e6b2690,3.503433401581383
0e7d541e,4.589951158698128
0e8c5c2d,4.21185521703035
0e8ff5f0,4.123968494236305
0e92a174,3.906817034899131
0e92f6e6,4.033728866391448
0e94f89a,3.8615942395303495
0eb6deb6,3.1111252105562963
0ef51d77,3.982528998906541
0efdfcb9,3.980367496981268
0f2b0127,3.2679863664407955
0f2d2bc2,3.5850172677961702
0f53e40a,4.283792433932123
0f825609,2.9992385059444358
0f99d42f,4.3661836944862
0fa3f386,3.1311136819068146
10001c3f,4.814153496432392
1031137e,4.36400349563158
104e2177,3.766076714684933
10894203,3.8799930641839553
10967045,3.940172548709507
10986aaa,4.193393542939209
10989e65,3.747040969310678
10a8ffbc,3.7663335521602233
10d00394,4.1430523326530295
10eafbce,3.5624528307993226
1102ab6c,3.857696674878879
110982e4,3.457438197505299
11612565,2.6717924819853205
1165aac7,3.8564556219646686
118107cc,2.8894488372784877
1183579c,3.0228830028007114
11938f53,3.5119310310794134
11c44718,3.666977660945512
1201aaf5,3.6796677785128225
121b7be1,3.526490454948816
12251b80,3.5343105539500015
12552ba4,3.3176400410042857
1255ca43,4.017248798575621
128d8837,3.8554686588172715
12a1c58e,3.1830556563107386
12a29027,4.430456251041989
12b11af1,3.8675583187002367
12c0c19b,3.7170689840732045
12d2369f,4.253409110589096
12e6279b,3.5696541385852854
12ed90ad,3.2814670406779047
12f19edb,3.697492313335633
12f9bae8,4.566231313420305
131a4f5b,2.940966549365202
1343a4d2,4.643973026461559
1352b297,3.185802815398333
1372a95e,4.62081166380994
13959265,2.5959614210560145
139b1633,3.341039415006615
13b35572,2.9659851753420146
13b958a3,3.984799540637963
13c12172,3.3006864882144424
13c8090f,3.024814597130362
13e5d669,4.894221794622243
13e5fbb5,3.3849585423202933
14198179,3.056668869299887
142ae1e2,3.508722647246675
142d6035,4.293555171972487
143c8cd1,3.954278311301481
143daf03,3.204245133391428
14416b1b,2.9883929782627487
1454c1e7,4.144024946892273
14623dee,3.8662837596862745
1465ed8a,3.295204606231005
147f29a6,2.9754501433930645
148d6ad2,3.1500708477171906
14a7ef5a,3.182299156179311
14ab2307,3.605464578595086
14c585a2,4.38504140383932
14dcd6c9,3.154368842426215
14f96944,3.5914985692443424
14fee75a,3.2324202928833423
153aafba,3.488353724320417
156afd16,4.766303839939685
157ebf8a,3.3969189601128753
159f332d,4.347589893251554
159f6c4b,3.6440415883862456
15d93e45,3.4417866393777654
15dde81f,3.1433428485371415
165315ef,3.722723903540913
16542171,3.8077185832444798
1677c88a,3.215009096123588
1686e65a,3.9421225020984605
1698ffb9,3.296038596013967
16c2ea01,3.058558647805573
16e8b11f,4.0850720583052444
1772af76,3.6752856890070826
177c0f32,3.56550083223253
17b23156,3.642474235561781
17d3226a,2.9864914993072897
17dd8cb3,2.801346039925625
1811b3dd,3.143299162114032
183fdf47,4.155793514244652
1849b0dd,5.121727198419569
18546086,4.650162286092796
186c795b,3.8545026174756747
1894b127,4.363472283364287
18cb3b82,3.692071479735634
1908a463,3.70187350547739
19312bdb,4.0504350765314685
196a6369,3.519835351626747
1972e933,3.7056112427271857
1986a3d4,2.861842978225155
19950714,3.5530416632927784
19a76260,3.507728269721778
19baa1dd,3.434973950262629
19fbc46b,4.01098500497384
1a07f6cb,4.41373174903021
1a14d0f0,3.4619831608549374
1a1ca818,3.686935867083597
1a2a5718,4.949660161302437
1a6a67b1,2.956472445022838
1a7861e7,3.5857621761272127
1a7d6b4f,3.3968314758955747
1a8cbd7f,5.810146853929531
1a926362,3.4715749481799216
1a97368f,4.081966394561393
1a99ca29,4.209436617837893
1a9e8903,3.854906723124196
1ab08776,3.2682621546478527
1abc20b4,3.92605868384271
1acb2b61,3.8719139316217532
1acc5907,3.24422552682072
1af8f766,4.021132646544125
1b170ded,4.274552704792738
1b192ac5,3.005934593963836
1b1beabd,2.9348020497069167
1b22c07e,4.334733460855435
1b2f3b8b,4.668742393481445
1b5a2340,3.1694079779250384
1b6ef74e,3.1363821551656494
1b74bce8,4.19490174350244
1b83a657,3.266963334416712
1b8d8f77,3.1868250246663763
1b8f6a12,3.9558521674197173
1b909812,3.092706662419802
1ba0622f,4.170211178341072
1bc286cd,3.54407232225326
1c08fe1a,2.540647613893943
1c1f46a8,3.6796738798017907
1c3f6510,2.9237835276076716
1c4fcca3,4.0540591068725105
1c540433,3.029210912101136
1c81cb79,4.6460070731786365
1cc9ea58,4.053560129460417
1cd167a4,3.506114557850296
1cd86e70,3.3333268320109135
1d14ba28,3.1100295636005963
1d199f1e,3.1766090534254205
1d5c3490,3.0264427788838053
1d716bff,2.8879783662827005
1d8cf496,3.1731012739080025
1db1735e,3.9276328223927286
1dc5440c,3.083479242602494
1df0730e,5.186671516467421
1e12f119,3.94106668307733
1e2a01f5,4.337217671851364
1e7fc25a,3.1234198674713003
1e882f60,3.2141620380387677
1e8e8e18,3.000043095815777
1ebb9b74,2.7194071660953325
1f66e7f7,2.8267623344551778
1fb7a3e6,3.8846480353336776
1fbb8840,4.204701606237358
1fbedb17,4.92426282275872
1fbf2800,3.8639482198464696
203a6602,4.1349494361106105
20678203,3.408492981758414
2081c45e,4.4380308716475625
2083b2d1,3.9856581697916664
20ae730b,4.013781809103056
20d1a4a0,4.68115972208231
20f66977,2.738438047479856
20ffdd91,3.9711490718220794
210aa189,3.4258316770558115
21170932,3.0808114769270762
211bf668,2.8458162526025603
213d79d9,2.355820107965047
21434532,3.518037696331089
214992f5,3.4201173844979813
216e0bad,3.9873549426550454
21707506,3.0182433905616093
2191981f,2.871354158422325
219277f2,3.908284901484582
219e5338,2.982681032076893
219eeff1,2.7764833302696204
21bbc3f6,2.975373797539886
2203d0fc,3.950056414662849
22106b1d,3.7760093053968404
2222cd90,3.671261847546831
2255eafc,3.392888899056364
225dcef1,3.202955884647098
2277b17f,4.203841020474812
227e9aca,2.9527283372841344
227fc5d4,4.061862928116958
228f56af,2.9791008521606424
2294b205,3.068262877908627
22982ff4,3.745261448737373
22b5b6db,3.920929713833402
22ca4a3d,3.9359588701311967
22ce0bc8,4.606349130024699
22d9276d,4.467502997409959
23022dee,3.1392501932951724
230b73d3,2.9773647947001645
233d1540,3.791888340482304
236171e4,3.5313096141656937
23717103,3.125585597934175
2381064c,2.8994328710425523
2383d924,4.580073929678225
23855e0b,4.283929180251224
23bce305,3.7041922481689693
23d865a7,3.5158106080524423
2428fa05,4.505707635615708
2440d983,4.541314770935206
24870b2d,3.3156346440687687
24eab250,3.370415646790968
24ef4fa9,4.010379318112909
2522a736,3.027808869364515
2534ca96,4.005618693096526
25354b83,3.0167746701234512
253b2cdc,2.584546526702512
257fb4a6,3.548296028041433
25835eca,3.6348437565834013
258ecfdc,3.0863457614277614
259b5a0f,4.06927246671913
25c3877c,4.267392317627467
25c5a18a,3.3865115791514824
25dd857a,4.0557939172639035
2600692d,4.457544881757749
263d3129,3.6621165031559735
2641df91,3.2264730046899825
264d3c96,4.124004434569887
267f8752,3.741835070420403
2682c94b,4.098442770954677
269fbbdd,3.4345488801778044
27027716,3.8367777469280413
2717fdef,3.150022963655088
279b22e6,3.14295164484611
27b7f5c5,4.0680089980774445
27c6585d,3.2914527811063756
284aca12,2.954666528492594
285a0153,2.8139041128906364
2863f4b7,3.564447121358772
2889d0db,2.6516169174459847
28b77182,3.826069301270064
28e0fc72,3.9881464621781313
28efbd1a,3.2734021862623726
290789f7,3.154108076433762
2917977d,3.3570438493974715
292bd5f7,3.6083075173751995
293d6cb1,3.2589205963459795
2967ec05,4.243746035711719
29b7f2f6,3.1180281607206544
29d4417d,4.356614107034677
2a11b826,3.8004489762128757
2a4db519,3.9647827205861406
2a5f1f40,4.196025479328872
2a614234,3.0954667059465963
2a7b72fa,3.8801122704468605
2a829632,3.10883799907203
2ad0867e,3.1886681985064427
2b1539df,4.203829126613123
2b4ce8a8,4.027051402583945
2b58cd89,4.297580449830767
2b6c176d,3.13857849423389
2b9d70b2,2.75482486695758
2ba1a84d,2.829338410641552
2bb9bf81,3.8174704965280197
2bcfd704,3.375867167937837
2bdba7f6,3.52995408930249
2bf2d921,3.1061838492585903
2c13728c,3.70643650677459
2c30b48b,3.3874755769636606
2c31fe42,3.8143926400822057
2c342490,4.0628526243593335
2c3a98ab,3.216421218524337
2c403362,3.1328427139472534
2c6da667,3.922759860312607
2c73e7d0,3.080509347770381
2c75e15a,3.3117171473668403
2c7997a3,3.6079388583590735
2d299968,4.398781317212474
2d394d34,3.0272243141542456
2d51209a,3.1980503079063975
2d58eb30,5.808168729755735
2d82f063,3.268294880239762
2d83c6c9,3.789791686708343
2d8a6af2,4.503104483973815
2d9342d0,3.413798677822282
2d9c35e8,3.264196049682606
2da56fa6,3.358419668775462
2da9a8cb,4.439391440635481
2dabece2,4.68127957149843
2db46aff,3.3461819990808643
2db77950,3.4571612997413856
2dbeea4a,4.0222428307959674
2dc069c3,4.096256343959683
2e01a66f,5.513427872610888
2e0fcc07,3.25875894563168
2e2e145e,3.252538086189499
2e303d69,4.1866916165924195
2e797c45,3.8238395043884235
2e9ee7c1,4.485713531337522
2ecae626,2.732286923162092
2ee0f648,3.992167880115753
2ee11d9c,4.086219904524824
2f2b1be2,3.355400690844011
2f64d42c,4.187196547938964
2f7356ae,3.086517317347313
2f74828d,3.7791294160670663
2f83bfb7,4.101929146363695
2f935a5c,4.0629196518106925
2fa3af34,5.027794915841019
2faeac7d,4.221782012021278
2fc93786,3.4002148704611006
2fc9620b,3.5844769994429075
3006e294,2.580465897611039
30235dd1,4.365009830197639
307e833d,4.468727915531847
3097a2ab,3.4792824624574417
3099719d,4.0088209152634064
30c264be,4.364298187468555
30e0f4ec,4.082041046352675
30e2aa10,4.184819544849426
30f509a0,2.9723969893669677
3114bf63,4.793570919530361
31308ef1,3.7266741012100053
315bdafd,2.6473913205346857
316bd158,3.794862154359574
31816ccf,4.107841774091279
31bfbe30,3.255166226078747
31d5a61d,2.547588888174789
31d87980,2.7626183733468848
31e423b7,4.360990143024547
31ead610,3.3886105896805527
32351c1e,3.268980307929804
32367f91,2.9287287603736454
323b91ab,4.29649052074192
32521404,2.720174806152441
325235a6,3.8114139655698462
32897e88,3.0623799548458726
32a001ec,2.831581453063939
32a0d334,3.4397312172935317
32a8bf6e,4.226937172126898
32abae3d,3.8464883784907054
32c5e6b9,2.7003558324644152
32f5dae7,4.650558305606884
330e0852,3.1857273499298646
331c5ed4,3.7119085398416347
3320a922,3.6474576307484563
332aaadc,4.232241574634042
3330a3c2,3.1714065255290245
335fc8c4,4.28979332907708
339ef1f1,2.937561295958545
33e55b8e,3.769748237448595
3402f8b4,3.4480979152074642
3430ffd9,3.18292813856899
34374e3a,3.465786739598943
347a3473,5.640517638334335
349165a7,3.7407493070411935
34e6276d,3.8140153911254044
34e9c080,3.053241262395533
3507df06,3.1122369022304044
350bf2fc,4.2161899645618846
357dd517,3.2888877417721027
35a8b483,2.820987198878982
360df630,3.844201014322903
361ba892,3.007556577128384
361d0e8e,3.242911295015322
36262fb9,3.256857852685608
363cff31,4.081427546910067
3665bfcd,3.728568313475768
36937fb5,3.3332254865872932
36a25efa,3.9701024576534065
36e03ded,3.910771514575022
370be0e8,4.548480240587636
371354c9,3.5585027881392506
37677d9c,3.2574357265715794
37870635,3.9369372073626443
37938f0a,3.97929272320737
37aad1c0,3.6401731609846384
37af08ac,4.0065007896066795
37d60336,3.718826989375544
37da53ba,3.322330393906084
3801ae95,3.705729393653233
3814e70a,3.1900665211750865
3834adcb,3.723178520828603
38556f4b,3.301939800620247
386de32e,4.400653902903135
38e46312,3.7558265264496034
38fd0668,4.928864530714693
3919c54f,4.562579619707251
3931a16a,3.9701512860168298
3938f736,4.581895686734442
393b3fa8,3.923448712363589
394aa22d,3.663338127429286
394c1342,3.820073404406453
3965375d,2.9324877192739827
3977377a,3.2580451010296128
39bf6230,3.024049569456149
39d8a62f,2.765312218947553
3a1281c8,4.299833674315855
3a1d42c9,4.319715126082236
3a266257,1.9792966716498361
3a2e0bee,3.486408883763498
3a39504e,3.3011339723945388
3a5b6512,3.228549218299653
3a65a167,3.3465272718352628
3a894e01,3.602337071783196
3a8c1895,3.6009569279780833
3abc84bf,3.730924020925093
3b16cdcc,3.923308506688555
3b255c54,4.5499350197949475
3b5cd2b2,5.9218805428869175
3b664e22,3.695055203114978
3b75532b,4.065023476016101
3bb7e7f4,3.2820496868834854
3bda31e6,2.9870768818817215
3bfdb870,3.812401655136475
3c1538c7,3.2712766670594267
3c3605d7,4.1542703803286996
3c417fd5,4.40486708584237
3c53bfa0,3.5238549664186394
3c79be4b,3.581997031222235
3c837aa3,2.8320104719199386
3c957930,3.589345619043325
3cb3b607,2.914279595790807
3cc2d640,5.129458239375504
3cffdc8a,3.9777308702161873
3d1f8204,3.2617883109900427
3d24cd53,3.8495273051859877
3d6b15dd,4.106952779271265
3d95f52a,3.825870880127466
3dccb44b,3.4169225315897735
3de6dde6,3.99850991329161
3deab542,3.3554606586596143
3e0aa9dd,4.040419921805599
3e10785d,2.9010791991055522
3e2b4048,2.852202158345137
3e3303e5,4.145293790845017
3e3848e6,4.5227517306247655
3e3cb355,4.14340296769366
3e40ecd2,3.873652346435186
3e498d1f,4.3224095652378285
3e4d4afe,3.1189609697270537
3e5c062d,3.0211080916109587
3e6f3340,4.9234334657284755
3e99d020,3.5614709815267256
3ec5db01,4.7305631646867745
3ec68173,4.399880065788736
3ec690e1,3.4803576811489543
3f0ba72c,3.715945783601492
3f73ca80,3.676296789789242
3f7887c6,3.063850718531964
3fc18493,4.238860995120794
3fdd2b5e,3.893922493205131
3fdf630c,3.917994402172721
3fe62246,3.745517067018813
3ff9d316,4.077684127865159
40145912,3.534293913298119
402c7ed8,4.037672664397358
4042f12f,4.168513089547208
40556bf1,4.747273280649694
409e7178,2.9794256573326483
40b28508,3.2164759169105355
40caf723,3.699226165716588
40f941ae,3.793414197981788
40fd4917,2.8963215037142973
4107bf80,4.132859411222174
41090ec8,3.0518223091508148
41388810,4.385701889957482
414827f7,3.5433412839219085
41a021da,3.293116117928436
41af0616,3.632608747664222
41b95fbe,3.411100823566521
41b9cd13,3.8982406146014794
41eb8f63,4.222695207694142
421391ad,3.91642349280684
421595e4,4.411852007832769
4219ea83,3.8355057545580586
42244528,3.9884542473415565
422636b0,4.619190918181067
426da54b,4.271945881632664
429585ca,3.4325230373172584
4297d74a,3.1700186608494634
42c392da,4.074974374448435
431c41af,2.864320134496924
4393ebf4,4.165227321139293
439423ad,3.768184830058145
439e2f35,3.0412086148400927
43a4e74a,3.6733718990545685
43c6ef75,2.8761969240461767
43c78bc4,3.747585668924798
43f41326,3.43840808845977
440fef25,4.670993682079635
4422c098,4.301463779711632
4429109b,3.5094966858417536
447b0de9,3.702416418380247
4483f461,5.311569764339096
44a97944,4.897252506480032
44ec0937,3.4549683915447096
44f11deb,3.425585382380061
44f746fe,3.0749838943720564
453837dc,4.451573544648491
4552825f,3.541734257888945
455c8318,3.804272725974472
458bb9cc,3.4756864767607056
459d7670,4.281343299057483
45d6b818,3.2836006802394073
45ddf704,4.021129024204986
45eeb87c,3.2642513387095975
45f17ed3,3.6957155355572
4608c4a1,3.352546944210415
460a3b3d,3.2383226693179963
4626334e,3.9485709897022483
466921d4,2.7674367160681284
4684bf0c,3.1698115487178264
46c9e4e3,3.3711281084446854
46d71c87,2.8962835032989243
47263855,2.5918947528668395
472a5037,3.2917140737936226
473222c1,4.660964533045169
473d1159,4.898858916205654
473d6f24,3.216359346100169
475006df,3.5419251943760015
477e4c8a,3.347651144596843
47904389,3.87573946395588
47de2009,3.66109837169896
48201b3d,3.559979468254621
4854cde9,4.2468945027386305
48594724,3.1446311585168245
486dc5f0,4.041731193650681
487a093f,4.664005377506399
487acbd9,4.394445175780587
488b994c,4.0987469239267735
488d195b,3.404282611078946
488dbe18,3.425541413446529
489902fe,2.783865101142276
48aaa3c6,3.6957458262081864
48aad08f,3.6743561954452666
48be0afe,3.2748601798137695
48edc5c8,3.6488392655803668
48fbb3ef,2.8939380039232017
48ff5381,3.8355284252460944
48ff8d38,4.9267520982477055
490c19c0,4.379344675910075
49190165,3.4804116783879437
4939d3d1,3.2799007130313487
493aec30,3.093099886083389
49488813,2.8824895064117557
494b2e17,3.0564413346695325
494d5ab2,4.0773250081989
494fdf3e,3.203881041406076
49628584,3.7408970067330034
497c5987,3.892461360933634
4994a1b7,3.0495957272049408
49d31772,3.2444103725632183
4a2e23ae,3.2457018691161723
4a52b71b,3.1049810754119664
4a96faab,3.5088551102419467
4aa3a5d5,3.8772824296339956
4ad56fd3,3.926550904457556
4b0ae22f,4.183858453058061
4b100e58,3.205127098737982
4b313e06,3.248434139110182
4b3c6c52,4.601992392838119
4b40b5c0,2.909895235690913
4b511325,4.275959451740604
4b54047f,3.9842597975582326
4b70721a,3.8721233503039447
4bb0b16f,3.828713649827623
4bb55429,4.159362873421369
4bc66798,4.280904821563702
4be768c3,3.262561936190442
4bf58df2,3.8437164314905568
4c084150,3.046562079150093
4c0f5ea3,4.566206336390198
4c29fc28,4.112182642405192
4c36ee7c,4.215046849701853
4c542568,3.9117480834460707
4c5545d0,4.2260601635039565
4c5b9963,3.1829201891454213
4c665694,3.530776945947733
4c6b68d7,3.0476589621511483
4c8431de,2.5367937914042984
4c96253e,3.9469219269091447
4c973b64,4.589255720793818
4ca65256,4.546860608709779
4cad4523,3.968815100542328
4ccd16f5,3.3824449221024566
4d050f27,2.998530161769008
4d0cc87e,3.4241435160151346
4d1d25cd,4.240805791449694
4d2518f9,4.5292903793151975
4d27ea35,4.033155386444393
4d3dd6a7,3.700580445154274
4d55f4d4,2.9095081450302596
4d659308,3.608148738893682
4d83896e,3.8229059450981406
4d9acb35,5.11682147409731
4dba875a,4.226571189816431
4df463e8,3.872502315221923
4df5c36d,4.377615829280025
4e0493e2,3.147476244900533
4e07b17b,3.1923871350272472
4e21e149,4.601695327784565
4e42a8d0,3.759991112672524
4eac4460,3.8587559857423797
4ead4432,3.6806162405860667
4ef2c4d6,3.128176197234793
4efb9677,3.872499527204549
4f423d3a,3.4179519925046913
4f48b15e,4.303559274028288
4f58b9c8,4.397627893833297
4f790e0d,3.087523306449166
4fab5ef9,5.951147521175212
4fc52b72,2.835154059919044
5025c0ab,3.8886657038758767
5030aa8f,3.3426650427271993
503b1f32,3.474755401140098
50457931,3.7282256675160683
5046478b,3.386494801071734
5091645f,4.279592160596707
5092df71,3.63756141446963
5099e6e4,3.1527851321168443
50a6255f,2.8184881163578774
50b091c1,2.6761086856914074
50c1487d,3.8636226436199816
50f6a379,3.173155913734966
50fcfcb0,3.681438450070233
5174669a,3.8600542985014092
518a82de,4.204743035324043
518d1052,2.8630632482771907
5200e1c1,3.9622367161352665
520d7802,3.886565455370128
52106fb4,4.212794839069676
52125f9b,3.654095817044434
522894e5,3.312079523120005
5252751a,3.245488424661253
52969080,3.511270990081919
5299dfb8,3.6354709175724733
529fdadf,3.5273232964712395
52bec922,2.5892762064472965
52c2217c,3.3098459259026516
52c8c00d,3.8535622014768838
52cb9d7e,4.293321964901539
52d6746f,3.3306485523569664
5310936a,4.0860216213162905
531642e5,3.6951428575431353
5327ff63,3.609274893991183
53484052,3.6785972222252177
53963d60,3.542782764777224
53ad302c,3.4240165667062836
53eae7f2,4.510652475424704
53ef14a4,3.606043989801016
54066b22,3.965401069585492
54130282,3.9756777911275045
54156150,3.2154638308693944
54249b1b,2.5730485484118963
543f1649,3.6226883060913773
544bf58f,3.9125368120018273
5461650e,3.8343620665109985
54687e6e,4.664951057640357
5484cf05,4.239323299602572
54b21b6c,3.726886973019354
54be5170,4.2050034776158824
54c04585,3.0868745765344565
54e4b9ea,2.9354119270509282
54fa76a8,3.9581263167261858
54fb4afe,4.052128573146313
54ffe46e,3.6603469263668624
55203483,2.8369996459225173
55803c82,4.211370970486113
55850677,4.551347308921229
55850b72,3.322987773394161
5590d775,4.20509798533081
55c47563,3.092304646270472
55c964af,3.556225384984299
55e10d59,4.156280507094903
55e74440,3.574607606954264
55e7ce9c,2.859065668817511
561640d2,4.734102238056077
56172efb,2.976002568590243
56464b89,3.7036298158943994
56586ecf,3.917511564942665
568ceeb6,3.6233633665441713
569d8062,3.267595983925407
56c2c82f,3.19932296002193
573a489e,3.306277713278942
574837f4,3.0362777606998215
575c5872,3.4536617092240784
576e9414,2.926537354445737
577a6280,3.6870682790937472
57cf7d76,2.9294145251114996
57de9e7c,3.2006474764367194
57e59a7e,4.304335518135291
581eaf19,4.022883404200642
5823d883,3.3346985350687905
582dbb0e,4.242233228577881
58b8feff,3.5351077629736345
58e307a8,3.0462654638831834
59247531,3.606038037395503
592852fc,3.6483635497884266
59391c3d,3.5405590507957294
593e705f,3.8996478349281234
594c2957,4.125731167273121
596d2b93,4.843134838333378
59b1303d,5.317289840556951
59b922be,3.509543723854545
5a3f0d07,-0.009461143974385688
5a685b17,2.777011671604502
5a7d2bb0,2.6887958482960945
5a841dce,3.1173603801326233
5ab35d62,4.504973997398837
5afe1846,4.017447702502633
5b3282ec,3.2899466534315964
5b3d816d,4.0771810257105
5b45d605,3.5213499504519974
5b684c92,3.989951179968979
5ba1bddf,4.134885338865214
5bb0af01,3.9248986006104896
5c16af37,4.046183510068762
5c1ba571,4.080211294916368
5c3ee912,4.6303038591885
5c423ef1,3.021733942110583
5c547ccd,3.1095970113695186
5c565da6,3.5203825996057745
5c5e3889,4.063086927243061
5c80564f,4.1545453931743435
5c8617f8,3.4701655460509078
5c88a769,2.687427238216098
5c9487e2,3.644434315646606
5cd4e6be,3.837966028571138
5cd89d6a,3.1119935119354865
5cdb9757,4.349516417323787
5d2dc268,3.2310598137166813
5d434b72,3.987744483888238
5d650af6,3.9910664104986093
5dc57e61,3.6000999956457522
5dd88533,4.188183330588644
5dfbc450,4.140558826891102
5e048ae3,3.210659871840549
5e25026d,3.317851278679016
5e39639b,3.0122662437648966
5e462523,3.2406132765311244
5e4e767b,2.613316003053857
5e4eb9ba,3.126371266158507
5e53f74c,4.292720848537374
5e883233,3.7605977772912147
5e8a2513,3.537360247196029
5ef5e32d,3.0046153692869444
5f130d67,3.319733659777095
5f3386f6,3.2330091317190806
5f43564c,3.4890775367129825
5f54631b,3.665058782777553
5fa3bd8a,3.166261055889132
5facee61,3.800222515069067
5fe2840c,3.244163477803145
605bff4d,4.271025676809618
605e3a12,4.110444800952494
607f216d,4.220710771402818
60824ff3,2.9002529122343885
60878b41,3.1688295493616447
608ef9a0,3.5607210496818746
608fe7d3,4.802694042007155
60af525c,2.832748142408067
60ca3cfa,3.853314080505074
60d574e2,3.9212762010168234
60d742c3,3.9907923783469728
60f61b04,3.7954256444972607
610914b9,3.431477948282706
61185a3d,3.947963992087094
614a8c0f,4.270221481746138
61702afd,4.31837546771241
6175e621,4.088860086327944
61786648,4.279242287790073
61abc326,3.536570458828132
61d03a51,3.4384620507040555
62161e96,3.072979150262161
622068c5,3.671479776941243
6236e892,3.8506566420383077
626ee149,4.872731860374545
629fdb77,3.41546006829972
62b9a12b,4.056733137980158
62bf4107,4.72885557611948
62c6cb18,3.773453542460995
62cbed39,3.8487677466995516
62d9434c,2.825326508467086
62ed5a31,2.972265931326911
62ff8c30,3.699346914159148
630300bc,4.694762755076469
631348ae,4.248134173107257
638c64e3,2.6182294555450087
63ab70f0,4.028337418315028
63af3002,4.017315220146755
63c5dd76,4.000904693989183
63dd84d5,4.310069308920731
641095b1,3.598067895921774
6436f0d3,3.5234851409921673
644ff57d,3.054799795703423
6465075b,3.332977372799421
6467de45,4.448929186334779
647ca15e,4.123253284462122
64828dc1,3.965449732667595
648b1906,3.9027950387974686
64caebbb,3.7917766739171266
64cb3a25,3.5599049508763954
64d95b13,3.294979136219551
64eeb50f,4.31517018784092
6500aba6,3.4312720610694614
651f7d29,3.7662342874963053
6538b8cf,3.5568455269539805
653f7b98,2.990554321316938
65796172,3.795908882119371
6589d702,3.702834128965833
65a890d9,2.8954474623341016
65bbb7e3,3.28730186123794
65c2a095,3.889900196649114
65c324b3,3.8109517408186595
65eb7e1b,3.2316722808421954
661db0ca,3.5161367719060874
662073a3,2.920307624651704
6631dc3b,4.194504822580743
66327501,3.1098740077511984
663ac837,2.895177863983582
6677ae29,3.4301678671694074
668c6f59,4.208587456338115
669691d8,3.071309335525033
66ae4f3e,4.173192911123351
66b82d74,3.595854091780196
66d4cce8,3.3610082785019286
66f386c7,4.0816448383815285
66fed026,4.21670964377274
6714d1b2,3.635391264113307
67257172,3.8142835587158874
6745808d,3.625177500118331
6763136d,4.520238909013232
676c6618,5.1015846930007
677a166f,2.905846314317547
678869e4,3.0257192014182768
67a3d9f5,4.090721512974156
67a685e2,4.136803664816245
67b5648f,4.452673513001507
67b7ca27,4.941326487284183
67c66245,3.1859854608020277
67c94b48,4.6299632418184995
67d04f17,3.0056359943595905
680dffd0,3.7982974382906627
681a978c,4.448303611716337
6828d225,4.039302968279633
683c9557,4.0440337826693336
684da01a,4.852832230851832
68628a31,4.321640433921148
68a3f911,3.188721336656557
68c4cbc9,3.4212146275258015
68d05594,3.175344931057398
68df1430,3.370670507244322
69021be9,2.651829428332583
69080b17,4.6976049136015545
69339761,4.043162145487742
695bc6e7,4.112751282588421
696bafbf,3.396855306008269
6978fb97,4.957865326920558
69916fc0,3.5112231188144785
69a3c3d6,2.875389673885242
69a9e639,4.066540311291252
69ad66d7,3.856834318914995
69ce169c,2.8576478353474775
69e5114e,4.172797798480936
69f2c884,3.6221894222146234
6a3c4a0e,3.296390514683864
6a4643be,3.4836632692355134
6a46d751,2.773229044585432
6a5a9898,4.341311857638732
6a9ac8e8,3.014466416929145
6a9cd990,3.6984579673456004
6aa4881d,3.400963472446179
6ab3708b,3.1483627883502012
6af21917,3.6449318967126083
6b0cfb58,4.109337539675234
6b2a1937,4.440373523446893
6be795f6,4.5811462819051325
6c032912,3.396119029826867
6c307cb1,4.54988201605123
6c446516,3.806091185747376
6c46059e,3.658116919196934
6c5db560,3.436510148728281
6c6a19c5,3.386625668467788
6c710d22,3.420922741215848
6c77e200,4.844631395907715
6c8526c6,3.3955129995158053
6c9a74d0,3.143704926339435
6cc023d7,3.4586982387863436
6cc7b04e,3.64368356629109
6cdd4903,3.6260812971981182
6ce7454e,3.100532796129324
6d008b60,3.414433543849232
6d1405de,3.8315836256471956
6d1c240b,3.726064369977167
6d362b88,3.4389851268560516
6d4bf9e0,4.197848637686724
6d75a372,2.763455852777083
6d84447a,3.4234971623863886
6d9627c5,3.226426907848542
6dcd250a,3.6966327741319773
6ddee6b9,2.9918443939734467
6df4063e,3.5710836211117196
6df4bb12,3.2044438625840264
6e00ad5f,4.452398390743582
6e1048f2,2.7647902202621193
6e3ff2ce,2.9859760796981156
6e47a75b,3.5659754441308555
6e4d4a28,3.561849538247615
6e561dc9,3.767974115652611
6e701071,2.9551704768353657
6e958656,4.365426812457086
6eddf669,3.260311063454047
6f39a6e9,4.210362366922857
6f54beab,3.5666523501017937
6f6fb596,3.821173817400533
6f86bf79,3.6539002248094725
6f973b44,3.5764940862020564
6faf0075,3.789152628305969
6fc3a54e,4.020503079766131
6fe9a213,4.432541084870949
6feba041,4.204299637703975
6ff9eeed,3.4426662638855206
702810ac,3.4638366348794745
7073cd1e,3.1010294710819615
70985ac3,4.172464238702912
70ba8d67,3.744328535374711
70ff714a,4.005355783000325
7173050a,2.821431921498293
718c0f7d,3.291589546306336
719ed6e1,2.977146919010801
71a6cdc5,3.1727986742907066
71d647bf,4.924436157022671
71f872ee,3.1007894188055607
720db86b,4.0772625473413795
72135c44,4.441314411169004
72298d29,3.987289500768657
7251481e,4.391642715674044
7256a238,2.686214517887932
7257c0ab,3.9339003834035196
726c884c,3.942044071194418
729dd832,3.240535548874744
72e1c38c,3.1118110225523576
7313113c,3.8926048760575918
731c3f6b,3.5072322646972296
73340766,3.2464964070580034
73604dc8,2.964222941716595
738c8c99,4.518446925089224
73a14f64,3.232668719338301
73b357f7,4.393867264728155
7400383b,3.336432303520254
742537ba,3.567799236384797
7425b7e1,3.8342900539152707
745e60f2,5.01711028463777
74629ec4,5.012108263137487
7476e3b2,3.542688700406042
74b04381,3.8723366228292777
74c48d94,3.813916009280744
750a018c,3.7795673045305196
752dee76,3.4581039332201904
753959f8,3.3618356369366613
753c6d04,4.600961748312641
754646df,2.6563454865504434
755df972,4.1923845423373285
7569b6be,3.111289515777999
7570a831,3.495499856801329
759ddfd8,3.4820148452791484
75b4ab26,4.215518231801674
75c62f9c,3.2885301769576527
75cf2c31,4.0165050191639935
75f9383c,3.5978681139208297
76326c8b,3.512628947734861
76704f26,3.635780114214336
76753317,2.95799870865241
7680b21a,5.647170352231996
76b79ef0,4.655180809727881
76e1fcc1,4.01817154433274
76e669d8,3.256278471034209
76faf752,2.736853458558758
77021ea3,3.2068686247504923
7727ae8e,3.82209595099472
774a64f4,3.488792349303807
77673a2e,3.660564790286169
7777fbbf,4.531764050022136
777c03e6,3.1851695659561234
77954073,3.775469021181576
77a4e4b4,4.204351771901487
77bd26b6,3.5358696255802426
77e2b5fd,5.188605056932202
77e45980,4.107003918271786
77f85738,4.0790775629514595
7812d152,3.080822614046545
781d2597,3.644968985026892
78421e70,3.24572441592417
78721869,3.7516085405876547
7872ee7f,4.093876346927088
78c8474d,3.5395151708368515
78e1f60f,3.3382564310252034
78e8d984,3.2161646509063573
78f131a5,4.361207992095955
79063968,3.9221700307882554
7911e416,3.4838806114971477
791be024,3.8383638092892784
793e5089,4.584725587920181
7966d52a,3.6326447580588486
79706890,3.680539963626669
79749297,3.1641693129416035
7992872a,3.195779998050636
79bcc2de,2.9713758704142323
79e96d1d,3.356244183061913
79ee2112,2.4362178859610477
79f540d1,4.476189942005777
79f66976,3.7633073414758527
79fff502,3.3933144711815455
7a17e218,4.1020594900464085
7a1fa8a8,3.5319063579604126
7a4d1680,3.7685961427210892
7a5402f9,2.9025141360644997
7a69dc57,3.930789541561137
7a8eb928,3.7240099400693394
7ad93a2e,3.641869725907508
7af8d365,3.519301639891964
7b099747,5.0355856874630005
7b1c6fc7,3.4420358807816758
7b3dc2f8,3.5261542004146014
7b4bf487,3.90236288449156
7b6d6bb4,4.689415478031126
7b81babb,4.713567524253966
7b8d98bd,4.132053376756068
7b950047,4.068000173817733
7b9c67dd,3.787443590498716
7ba082b4,4.543319397631996
7bb736ae,3.2434963848391214
7bc81b84,4.2509846263122855
7be4f0ec,3.046908564641228
7bf0df3f,4.006676408120638
7c0c1b5f,2.8613365940099116
7c199fb1,4.067970570965569
7c29b41e,3.508244425874101
7c2af42c,3.1732214723530596
7c6fb927,3.861181551669006
7c793f53,3.979117485496448
7c9dbe4b,4.452266169346026
7c9f0b7c,3.996725976413756
7d0a6bd7,3.554925382886221
7d2a1b67,4.219212575281239
7d9f3b3d,3.977881640054941
7de7c09f,3.6706151424126774
7dff0acd,2.785341850993317
7e17c4f0,3.0142071049240764
7e1f014d,3.5972057272126583
7e3030a4,3.903918853481923
7e3237fa,3.650537878762396
7e6cde77,2.816301850081822
7e944bd0,2.4932911529054116
7eac4ad6,3.500881992375342
7f0406a6,2.8659832400331884
7f1703d0,4.245845907256463
7f485095,4.740493163236102
7f4ac329,4.304435739285441
7f5ca0a9,2.9435539617366593
7f84e67b,3.9983157904025344
7fb70c6f,3.543535679946179
7ff74c9d,4.087064632451975
80204e4f,4.3961952779856235
8028b942,3.248814782982002
80567e1e,2.865440270848503
807c822a,5.040715421885524
808abe75,4.213739084692119
80c8e829,3.327938974417886
811373e1,3.9733275234583822
81264ebf,4.096463780536411
8159527a,3.4096485144961495
817c9789,3.9925240171954828
81a74596,3.58979029780476
81a86064,3.8528696175007124
81bc89d3,4.699280814909329
81ccdcfd,3.9938230781491244
81cee31b,3.068696399230161
81f5c2d4,4.76612787426234
8204c891,2.7968813207578824
820bcf42,3.9204319051926997
82496b31,4.272047804274397
824be298,3.4967080349554176
824f263a,4.301976606124555
8253f526,4.04285723251971
8268b1e9,4.107097800261415
827b7d94,3.878278875090786
828b9335,4.536774151283839
82940d15,3.790833619655699
8294f230,2.922134356561413
829523e8,3.30571067426735
83184f73,2.990808663952887
831d0606,3.3053615657464817
831f7758,3.6582534710043673
8325eeb2,4.408658847076421
83588b63,3.130006592379445
835c845d,3.1237805366800924
8385a336,4.17266213549492
8387640c,3.3529219236046
8389a706,3.9442121349284847
8389bb25,3.337884407163187
83977519,3.815647633018538
83ad0a4b,4.012604216200119
83b04f27,5.098691173252564
83b16bab,4.379368878219699
83b171ba,4.399343353106584
83b2b54f,3.2746485697453678
8404b53a,2.9833461997608364
840c0b4c,3.1997728771166423
84183990,3.594358252749213
84221545,4.845694089863128
842d59a3,5.465768363061262
844e1ce7,3.4325967016540546
8455fb45,3.746224747761312
845cce85,3.387282300642499
846d9750,2.7691049773870775
8492481c,3.563267470964931
84957285,4.406552628845123
84965efe,4.297116663523728
84c3dd82,2.7914311982299624
84da500a,3.1846575262427956
84e444cd,4.971872591952403
85003a37,3.7451926134931797
85133702,3.61588234062029
852aa24b,3.084633926128351
852fc430,3.54111916379265
853a8fab,3.415362954817384
857db4b3,4.476408764485702
8581a825,4.169635668455769
8581c428,4.478736408847385
858a7bb6,4.039697070807986
859774e5,3.4087262893533112
85c87a30,3.587667554971309
8626c32b,3.2697150479255033
862a9560,4.447618488420552
863dc6f9,3.8989015288911286
864ca8af,2.6965410850930436
865a9203,3.0230767674783943
869a7835,3.3368770041666136
86c1dce0,4.046427409553399
86ca6cba,3.815106379194137
86e05a78,4.184087737982086
87211b93,4.300214777683763
8732df65,3.2313039885241857
873e7f98,2.9044997751678103
874464a1,4.976749015860632
874e6c1a,3.5075513081227148
875aceae,3.3776304969098243
87766dff,3.224596199149475
877780f2,3.4785186994232014
87e2154e,3.498482222501503
881c395d,3.093534392831037
888feeaa,3.3354208351890873
88a4f82a,2.94024377043611
88b4e5ea,3.743076842024881
88c152c8,3.885496161569771
88e4475d,2.7903601716861557
8908c597,3.342950368225178
89190107,3.409544672431367
89353044,4.223743435444866
896e987e,3.1370979488028823
897b3f73,3.0197454440671754
898d3ee7,5.3601663835085205
899852bc,3.9308567292548107
89a23b9b,4.663267331028333
89dba3b6,2.6965294073443165
89e03572,3.490360378117514
8a021954,4.145906900138471
8a1aeb3a,3.291994932675032
8a59c454,4.323811350576472
8a8c1ea2,3.7842516088536864
8a9500e8,3.188946571666855
8ac53c4e,2.850674814524309
8ac62347,3.8589982356706334
8adb949f,2.985535258724406
8aec3af2,3.991413726322495
8b49c436,3.336411144649536
8b59f324,4.350171628567001
8b5a06a2,3.813643120795514
8b74c1d4,3.20075824845322
8b880106,3.7650952073568087
8b8f360d,3.877517036021782
8bcbe7d7,3.9848497177317768
8bcd94be,3.695492169058921
8bd44fe3,3.8478210028103472
8c58e2db,2.99921002692955
8c5963fb,3.679011348322826
8c5ed7da,3.2734539355059136
8c8d7083,3.896697346954474
8c8dfd2f,3.987886445303386
8ce43664,3.4143101799438345
8cf555a8,3.93073201823537
8cfa9f8a,4.011234795939849
8cfca527,3.9139556513647067
8d1268dc,3.796908418585844
8d14d8fa,3.27989123156122
8d3b6795,3.903027817163883
8d903f39,4.433569903374236
8daafc96,3.477454973420768
8db72601,4.903910329020542
8dffc9eb,3.0379983980057297
8e3e91d8,3.534413195687589
8e4e584c,3.2730998369860362
8e5a0aed,3.8541001265783255
8e7ddf0f,3.5312357030677517
8e884143,3.8578288593150742
8eafea92,3.8456097040853754
8ec38d5b,4.125171909399094
8ee8c46c,1.820059663740416
8eec804b,4.426420452625537
8ef881b4,3.328063875475103
8efb813b,4.573547586445974
8efca562,3.183393593277538
8f05fb9e,3.252594799335225
8f126cea,3.7089270749688517
8f157bd6,3.0580842562298782
8f72687a,3.0671185558323653
8f92a24d,4.2050733247668095
8f9c0813,3.4151470938644257
8fbd833d,3.273317552129988
8fbd8fb3,3.381881866548162
8fcb57ae,4.197156355792748
8fdc8601,3.3565153355388953
8feba1fd,3.7394227682795487
8ff8bf8a,3.153263769855817
8fffe644,3.3566496907276515
9022e4d4,3.605702282404146
90269dde,4.222400632252184
90295028,4.2970184949284445
9034ff83,4.5094298054065876
9048481a,3.2729341585232086
9059cc2e,3.545362562392635
9060dbf2,4.147328364842375
9061574e,3.2330442161340898
90911337,4.080969814248776
909354fd,4.060255509843646
90b4a05d,4.039047581906807
9116f319,3.274847105559216
911a0eed,3.383807808727766
91298a75,3.6745567381426376
91849925,3.77236766830054
918a665d,3.4215238797432392
92122c61,4.112221734333725
9238a345,2.701476004796904
923ca962,3.9352928356443306
9259b9ef,3.6737530129302334
929b792b,3.8307691025336283
92aedf7d,3.3692743437841814
93254e05,3.422187958128724
93274056,4.0845060060765475
932df7b4,3.983310260970412
93348ad7,4.106239979776919
9347ef4c,2.9335522742980977
934d3907,4.628254107962443
935529e4,4.853394131408804
9387663a,2.77884583921548
93e42795,4.902854027885885
93eb72ae,4.88076961021778
945ef4cd,3.2062644908269156
946479b3,2.77702220990375
9482dac7,3.7156786252422243
949b4349,3.24398571247093
94dc3440,3.333705762510542
94dc4f03,3.469984351398253
94f762ff,4.361134444070785
954b0e6c,3.9404491441503384
95539d95,3.9562275798843975
955e30d1,3.3634197127839025
955ea377,4.10418236654797
95acfe17,0.688467672342846
95bae1f0,3.9530739758590845
95c6b90e,3.88203491902806
95d8de34,4.108170580453967
960d5df5,4.385076607510047
963b9bc1,3.4730686443297465
9654cf12,4.013463751920197
967a0499,3.0834857729223195
96bb51b6,3.5249634302798034
96d0af80,3.85798453868533
96d5d232,4.164256408107054
96d9d49e,3.804308326677223
96e4825f,4.767857882112914
96efda3b,3.3879721930665463
96ff9891,2.962499595417653
972581fa,3.182598811531721
978aa7a7,3.4957474611405672
9790b0fa,3.8148911784254746
979e6e7e,3.362818459701821
97bb1cdc,2.986901665408417
97dcb8b2,3.8960961265891974
98058f5d,4.975284825477825
9824217b,2.9835592470075136
986b594d,3.8469801176841263
98e0b921,4.232694151778496
98ea47d5,3.394346102828274
99067006,3.4944123726288594
99087dfb,3.186228883380421
991029d7,3.907424170978292
991b0a60,3.2667040090524515
9923f86b,4.025112375720629
9943adf2,3.430274425336279
9944b4c5,3.1715790427961377
994c1a12,3.5207094581789526
994f202a,3.505216430794753
995c445c,3.8693340264009404
995e2389,4.026274472462589
999246d1,3.2399687928167045
9999c95a,2.7449885118901
99d9c99c,3.6722608864628103
9a2ed914,4.502876758145445
9a6032c9,4.857840167039601
9a66339b,4.268417301681125
9a89a9bd,3.1040334693739546
9ab68076,3.2465937662538713
9ad6f093,3.1963387240406678
9af2bc7c,4.282922747870022
9af83860,4.6777703817839535
9b1f39a7,3.7123205131824664
9b3a64d9,4.230816525718553
9bb707cb,3.149568734277188
9bc6e6cc,3.4802901551400693
9c4404a6,2.9735500818738516
9c4627b3,3.058767991672799
9c505fff,4.7672117158773695
9c5131cf,3.4820879695396227
9c54b5a8,3.8588399868889582
9c656e73,3.8503251052284018
9c7ff6de,3.534725408383968
9c9c6e1a,3.6758999261389476
9cc84e1b,4.131001478526735
9cd00d22,3.9972582446623828
9cd5ac07,3.9168043582497
9cdeaac5,3.678940110181021
9ce1a51f,3.2827923434347004
9ce5e4cf,3.209412375048934
9cfb112b,4.393870756017377
9d239d44,4.020383173267152
9d5dd931,3.8657421769474807
9d8254bc,3.7812658216272688
9d8ba1be,4.212230590865675
9d962f39,3.462316279136424
9dad44fc,4.213782217928947
9e0b8121,4.738752185598614
9e5e1401,3.3101225785870274
9e9cc5e4,3.945558600126858
9eab51f8,3.9246510638934935
9eba326c,4.408465663167089
9ecddd96,3.5044460606222123
9ed9b275,3.870066989150336
9ee392eb,3.776808491051125
9eed1c32,2.954626731694189
9f1c3e52,4.051721858868066
9f328eb3,4.588101727675772
9f3cc888,3.026598410231329
9f409102,3.016454930908643
9f61160b,2.8121640543730475
9f62a5e5,4.667261268607808
9f8143a9,4.911616282590738
9f9b0a0e,3.750491594514512
9fa0f5fd,3.167633539061465
9fae8916,3.810671179468119
9fd69131,4.612045114658881
9fe6fde8,3.4264678760469565
9fecf3dc,4.159605068949292
a0227a21,4.45173396582789
a026a4ed,3.934753341585782
a04a32c3,4.271602603713643
a04c2d05,3.1877171154332986
a0712779,3.543229430169134
a07292a9,3.8145127113200656
a0940781,4.462621044844569
a0c24719,3.8673854407121637
a0d550f4,4.806076531020781
a0dd8c5d,3.5889311735251077
a0eaf617,3.512506191093667
a0f341e3,5.140914019765872
a0fa9e98,3.9274957358188534
a117f778,2.824678859469876
a134dd29,3.4118902540053155
a13e3a1d,2.7962615643086517
a18d1dce,3.6237402638111584
a1a579b8,4.720185155191237
a1a879ad,2.6254045072447925
a1e5c00a,3.927321879583175
a2212ea2,3.0496099726676253
a24677fb,2.9293578022141213
a265f6b2,4.342522943347271
a278e3e3,4.278369973264793
a294b044,3.2228256132955213
a2b991c4,3.647781151198608
a2f924cd,4.190449034742191
a2fea92f,3.2725604315164407
a3002e51,3.604379399553538
a3020d40,3.7164963669508064
a3417adb,3.4349484422935097
a350cdb0,3.3004408191334096
a39139ca,3.720395787687282
a394eb72,2.825193817112117
a399ebf0,4.273445379330475
a39a142d,4.436755916506555
a3dd84d1,4.030160455095879
a3e3f8d7,4.220718039938914
a4050889,3.064927890817115
a42ed34a,4.009066221909897
a4343828,3.3666014836042657
a435ad82,4.170936484079629
a44e2223,3.7839005274645356
a466bdbd,3.019309297632621
a4786db7,4.383651662703657
a48809ed,3.3860555433159423
a4c28de8,4.488326411462367
a4dc3a53,3.5036693004129433
a4e91a31,3.9477228087159797
a4eed006,3.433605456760596
a5082dd5,3.1278599445045856
a50ad9b8,2.8724211731537648
a5535728,3.9946402376216357
a557363c,3.445326280687774
a5593c54,3.2709982944908447
a573979a,3.9745466259165045
a581dbff,3.7150928041494256
a5c7e939,4.225567963306225
a5d219a7,4.277857190629495
a5dc9ae4,2.8627034159896967
a5faf0da,2.9227753640423044
a60740b8,2.988927759007873
a60f97e1,3.8530976928866
a65c30f2,3.944808747115633
a67d7333,4.841344048492674
a68438f2,4.071592358084156
a6a84700,4.18296538712516
a6cc9c6a,3.123230958180163
a6d05bf8,3.0042569424321752
a6d7b342,4.060028316693771
a6d90b13,2.622054297257759
a6f785ed,2.9136836126796712
a709392d,3.9086661733420827
a72a8eb5,3.903725756711697
a73f2eb3,3.6766176421287415
a74a8557,3.63782868805773
a74f7d18,4.634103356200043
a753ded2,4.9308105918355345
a7621aff,3.017170745946524
a767196b,4.369223601335844
a7675a7c,4.006359944873418
a799eaec,3.1083960639869144
a7a31aa3,3.6865907098317776
a7caa6c5,3.7176469605981923
a7df9886,3.7997967746321484
a7e9121d,4.390613356461052
a814c646,3.9280999253906845
a8219621,3.6150823486065473
a83ed2ea,2.7620648220831234
a8a44b19,3.5946068422667796
a95eb2f8,3.269192033363885
a96dc180,4.291217266147282
a978dd26,3.437182400720727
a9be88ec,3.965287428764702
a9cab2af,4.2304218513529595
a9f538e2,4.005610524156415
a9fd5db1,4.3869112209049455
aa052ff5,4.744363170995787
aa46b040,2.7491162037443884
aa482fd9,3.419936481699148
aa6238d4,5.307688449730653
aa7fe2fd,3.8330220490017504
aabc948f,4.6266543435846845
aac5ac07,3.729248155827382
aae3f491,3.351607967572004
aaf07101,5.117965172558126
ab02baf8,2.6082061759078314
ab0a3132,4.2514768044559155
ab101095,3.022770938712176
ab38c3d6,4.768950664444695
ab888941,3.5042376487210998
ab94ff28,4.570759187552524
ab975e22,3.492847143567022
abac6041,3.7814084621455266
abb84da9,3.6750118869769177
abdcad90,2.887888667409343
abffaa47,3.675211384650722
ac035e08,4.243084131414171
ac509b72,3.643912793681714
ac558e55,3.179431712819882
ac63a9eb,3.4697093008566036
ac6e670a,2.945114149350536
ac71d377,5.085816581959334
ac9e81f6,3.800117942734562
acaf840f,4.256865988795143
ace0ee61,3.571136913412684
ad04a619,2.920689732773263
ad074ea8,3.860301614590897
ad54385b,3.492308901915416
ad5f7cbb,4.501286384130197
ad8bba1d,3.1523411485379653
ad8f2b1e,4.417533005246732
ad929a5c,4.181932599693029
adb9eb41,4.214908888097952
adc30d84,3.821885135878188
adfa3eeb,3.9781678783593577
ae1d4355,4.901436351261062
ae2e45f2,3.899412717677124
ae3aac7e,5.031258873662518
ae424507,3.211466202410735
ae6319cf,3.042183796432295
ae72372e,4.395907584844197
ae9a4021,3.2193322723884186
aeba6ea3,3.432035511622631
aece6ae8,4.558756409180021
aed269c6,3.82495397611218
aedc273c,4.025475166541158
aef3e7db,4.406530178879964
af2374f2,3.0558427476813157
af4080f5,4.38027289246831
af413996,3.2553876461885274
af6b9c48,4.685149501238651
afb37127,3.8200649936191495
afc07c28,3.947652177707019
b0127418,2.884688106399679
b027df85,3.588122098852566
b050b765,2.668141628427767
b0549c3f,4.6722441537243995
b05c3e6f,3.0233682146517173
b0889ee9,3.82283052667406
b09dfe31,3.0358548242206362
b0c331fc,5.0210301277473395
b0c5d223,3.977965086842846
b0deada8,3.8211742809885925
b0f15494,3.6976915957077185
b0fa5a71,4.07641616991041
b0fad85d,2.9776200175201564
b10b4664,3.070112836983351
b10c5326,3.8869796922181483
b10e093c,3.5152286683528056
b11e1fdc,3.2435633068301124
b1301f27,4.358401683714647
b1560018,3.2260835059351147
b160b3e7,4.560991183440537
b1789fc6,4.450419813020434
b1b8d3b7,4.258923926018275
b20bd1f8,3.4338250912955335
b2363d6e,2.9680227482341364
b24d05d3,2.860788498476687
b2688a58,4.47759746925539
b26c5a3c,4.338694884250536
b26fe420,4.5420967627582565
b27d8477,3.036016926239582
b2971bf2,3.568183822601162
b2ab8661,3.6157880784561174
b2c410b3,3.87755625834016
b2f436ad,3.140349377671715
b2fd3a2f,2.9779218428631093
b3027b38,3.519372969988818
b3b3bb98,2.853979756881223
b3b622d0,3.4810010967782823
b3cebc3a,4.311463041388748
b3ea4e9f,3.4930113142028123
b4173b4d,4.0944840139373735
b4387780,2.8883656085392917
b44f2f34,4.816781425445814
b450b853,3.227723628089181
b45dc3dd,3.2129202891196726
b475c8d9,3.36596156940718
b4834b77,3.876280043100337
b4854bfa,3.704634547665757
b4982a8b,3.441645902374067
b4988628,3.834910085644734
b4a02288,3.821908883371077
b4af5817,4.143151805164367
b4ce3f66,4.366006669216436
b4e5001b,3.1455075907217753
b4e8eaad,2.7480342120213512
b50a2dcc,3.5607365184377477
b515a0d5,4.931523003613524
b52822bc,4.12945473139656
b5285c39,3.480114713670721
b55ef091,3.5172949419906874
b5663b2f,3.8473755463685966
b5665442,3.4833493494301977
b595fa14,3.1867037262053146
b5a82ead,2.976105071922014
b5bb3bdd,4.358867405598674
b5c46740,3.9508488247831686
b5d6e867,3.4557512144410034
b5e75668,4.960817471867028
b5f258f5,3.6061397671335538
b602f375,3.5700490521574704
b60d831a,3.8203999493905387
b61221f1,2.7181472937212927
b622ff3b,3.4912733636931113
b62db875,3.7870826187302695
b6338670,2.761193764941208
b645da5e,4.401335842207818
b6490565,4.16239143352509
b66bdcfe,2.9855296215068874
b691afc2,3.6850417131543916
b6e9986f,2.9771938554167976
b6f4754b,3.206882413583282
b6fd25a0,3.9802539008655167
b732c6e2,3.878646071917985
b73648cf,3.5571017310553428
b77b9b81,4.279458440831792
b7c571ee,2.9563011372066454
b7ec8513,3.353384669790748
b7fb66d1,4.051125174282558
b7fc4438,3.275032046784064
b8091db4,2.7766074016348608
b80eb117,4.025178783681972
b816ee8e,3.1121873864793925
b826ca8d,3.847419024129833
b837ce71,4.8590162123084255
b8411b14,3.5972257041461857
b89440ab,4.569144577686173
b8a857fc,5.432324990854596
b8da9bf0,4.68759239439268
b8e78e0c,3.262242009109889
b9203e25,3.79204023243881
b95dd47c,3.5479689014272733
b9828b29,4.071125259916961
b9844961,4.619398243274392
b98b17d6,3.3330875078735436
b9a0fbbd,4.286343445612811
b9b2a2f4,4.682894119239115
b9cec20e,2.8781996416801165
b9f1915c,3.719963944032128
b9f90ada,4.805566810550847
ba001912,2.9013788074950435
ba50b90e,4.142279694284792
ba66fe73,4.326953775963511
ba81e7d8,4.116425392143962
ba9f465d,3.3861424062180117
bab8c2fd,4.367885338486813
bad1245c,3.1606297268438244
bae51194,3.5142832655208847
baf60693,2.9602491358076497
bb43afb0,4.1437085910066855
bb44a6bc,3.8083738464081707
bb5c6a9c,3.4722757835234206
bb6bbd4d,4.402433157428074
bb6e5cdd,3.24273276272675
bb87c079,2.9071837591545604
bb948343,3.674198166010477
bb955a8a,3.5693150800376015
bba7026d,4.116243917790028
bbcfe929,3.094930139140445
bbd06342,3.2646499354259615
bc116d20,3.842948068559956
bc119fba,3.226051027836786
bc3da4ab,4.123781172334424
bc945fbf,4.030139416593622
bc9cded6,3.997918428531227
bcabf34b,4.229318608348825
bcfa471b,3.3874064736197833
bd0baef9,3.2635141874715297
bd487e77,4.045408607835584
bd5d30d6,3.7883287163895205
bd75ded1,3.6253943272963562
bd84b2a6,3.6632418863032705
bd8a6fd8,3.8372440081599724
bd9f68a9,4.74609912453753
bdff8fd1,2.8691302559216334
be0d803b,4.601469063271924
be2130ad,3.518527648519135
be243d18,4.2180082883557395
be24dd5d,2.9063217533188905
be3bccf5,3.4629989211185963
be43ca0e,3.3353158728398435
be97e03c,3.4307203050111195
be9834a2,2.933305769562522
bec6434b,3.335059576329205
bed8741c,3.3313525236630896
bee6e87b,3.6693218838461665
bf1a04b1,3.086440096892295
bf2311b3,3.185985451315484
bf68655a,3.680219752277051
bf8740c6,3.6552121683215355
bfba4fa3,4.7299940074583615
bfc85aa5,2.7744869092807365
bff32927,3.106241321718097
c040902a,4.098330285326581
c04413fc,3.1712730521576336
c08cd65e,4.3531163762250085
c08e1863,3.978621934144402
c0adeba4,3.9952050033236137
c0b955dd,3.264929142480767
c0e6ca6b,3.917119233652175
c0f07a4f,3.5958218883609505
c15c5250,4.567719105222843
c17fc5cc,4.1193005631285855
c196d8cc,3.5741792022402654
c1af64b6,3.7552282158187524
c1f8f0b2,3.4090105266526405
c20c5287,4.400895358416887
c20ea620,3.3009266460200726
c238b433,4.190672009254842
c242ceb5,3.3263561881983716
c2528e34,3.135158585447044
c2d522ff,3.2950647657716097
c33c336d,4.093354615786146
c346b379,3.9079183890847324
c346bdb6,3.3340942311672688
c3663a2d,2.7056917472918984
c38f2d4d,3.034279825420366
c39065b4,4.142236774741103
c399c1f2,3.489458484833113
c3ad7780,4.112545805444529
c3b8c500,3.031331554387319
c3eaeb5a,5.203138605407984
c461f7de,3.2535467581610824
c493eeee,3.8811037924546725
c4999554,4.638350553414454
c4a77eaa,3.4501701732502905
c4af026d,4.441231907671081
c4e06186,3.104846896753898
c4e2e556,3.766352695078231
c4f04c1c,4.887162775633517
c5153bc2,2.994871743343853
c5251ab9,3.467853458926961
c5269039,3.3525908326418112
c531a2f0,3.3648841549420507
c56d8755,3.788582822412561
c5a1232f,4.215356982844701
c5a5af30,2.835048064192727
c5a838d6,3.0021189044621988
c5b40058,4.554991871589664
c5e2fee8,3.2532184970600717
c5f593d9,3.684187469866843
c61c1a63,4.177353245087034
c62c21e9,4.686664490380291
c638e8c7,3.917896910350028
c647d68a,2.9571652907843475
c67feed7,2.8750865553560288
c6afddaf,4.53336372455985
c71dad9e,4.050923482269268
c71ed9a5,4.352545314598398
c72b96b8,4.040675397753654
c7814d19,3.1207796675032258
c7a04443,3.730944265682575
c7aa7765,2.945875748410157
c7ab0e41,2.928337725241193
c7df6572,3.4443506276952296
c82db6d5,5.025469645906465
c8307cea,3.7602039348626706
c835095e,3.808452588065978
c83841f1,4.130197379507397
c83ed380,4.097666633265767
c840a064,4.211460281557165
c840de1b,3.6835529565604204
c8423c56,4.898366196677938
c847f16b,4.592549137266076
c859a904,4.100528632345217
c87d17f0,5.333158760655051
c89ac493,3.866106380974557
c8c53117,3.4745140959444893
c8cf48a3,3.772360709318584
c90ab478,3.293011625321628
c92c1620,3.491757964573871
c93dd35a,4.26975060750091
c97768c9,3.531655027025666
c977bb83,3.8564645819296848
c99b9b37,3.7267372666495766
c9a405c8,1.850721631688675
c9a8cb6d,3.421609705420105
c9b98881,4.833871670641546
c9be0189,3.7525744446373883
ca06574b,3.966483555841682
ca1feec3,4.140646789710061
ca2405e7,3.4878865127164036
ca6a1c11,4.346066347389867
ca8efe6c,3.15518964428679
caad8079,4.355268317860402
cacb78cd,3.1097023490157234
cadd65c0,3.1622511207376203
cb24e2f0,4.010393590314844
cb32aa46,4.026942684820156
cb36a061,2.80137867113973
cb457e17,3.0481561234692993
cb4a7d8f,4.148451685982947
cb50ac2c,3.1647441481640293
cb77daae,4.140921688999652
cb9a228f,3.5814345481555496
cb9b9540,5.102637076748774
cbb77909,3.130358604942991
cbe4e3c6,4.427346510713088
cbeb2be7,3.5736386265644295
cbf1f147,3.308340144595637
cbf9bdd8,3.7420039944151022
cc32b9e5,3.553166882053072
cc68b81d,3.6725320835621007
cc6a4840,3.963632998127353
cc6fa8cc,4.4542941397047
cc8e37c2,3.272685674860895
cc8f245d,3.6954855106963884
cc951f16,3.714833988713407
cc995d97,4.214129411602137
ccab505f,4.443533121201794
ccbde4a9,3.466384874312428
cccaaf96,3.6571190779464073
cccad129,3.4073091739969805
cccdb12c,3.4357947260620363
ccce9f54,4.6754829500940005
ccdada4b,3.6494008482954046
cce585a7,4.511874005048368
cce5f122,3.9089204445341803
ccf38407,3.726240375387679
cd2202cd,5.06370034494911
cd64ed13,2.7740780843381585
cd662b55,3.788267780858017
cd7b9bb9,3.5283466273465085
cdc73008,2.9816146216549893
cdc8a8ab,3.9665451252685813
cdfbd31f,4.236163044985804
ce1c2031,4.321700814397093
ce40b2f6,4.925769335845113
ce47f41d,4.576436423428898
ce50f793,3.785337643155327
ce64ef83,2.8630194698679605
ce6e839b,3.390126922183721
ce778f36,3.0467326044205008
ce7f9d9d,4.144407637101774
ce992a54,4.049158254501713
cea62464,3.4465234753709897
ceb42e8c,3.4117624822081165
ceb6ad2a,3.932411866587551
cebb8af5,4.226254296035349
cecc4d35,3.6953943978293173
cee5b384,3.388751966942638
cefcca98,3.7707358677539684
cf4dd1df,2.880280632822816
cf61512c,4.97914730662023
cf672aae,4.295963689523722
cf7d95b9,3.60321019761812
cf8d1b80,3.1311039589451903
cfa1bea0,3.0859894981916227
cffadd0d,3.1158687393940854
cffc66a7,3.3514667581460187
d05cb8df,3.656512164699911
d05d4a14,3.5138712573666986
d06feb60,3.821321214488308
d0701348,3.638220319825942
d0a7cd9c,2.894282346855727
d0b3b26b,4.045679914949281
d0d0ebea,2.6092515309235216
d0faae5c,3.449320484661449
d116c7f9,4.630395836789182
d11b9bb5,2.862992314609226
d121cbd5,3.4677195612266907
d1383522,3.4392852804963554
d1798b5e,4.111174008489544
d192be1c,3.0803742621292414
d1a0c0dc,2.982615238970536
d1a5677c,3.2145224773775554
d1ab01f9,3.727047576724746
d1bc66cd,3.9177010925364506
d1d79f42,3.989209571602987
d1d8aa0c,3.30988325572592
d1e7b103,3.390203911685325
d1ff3cd9,3.782453011097544
d204965c,3.2019985350853286
d27518b9,3.379113639216982
d2d0ebc3,4.204265244296751
d2d78025,3.082140370676961
d2ec6dc6,2.8365623109667957
d34f0b65,3.5475188559079216
d35975fa,2.8802597941527974
d36ceae6,4.530361320986028
d3a0c370,4.46161812304818
d3b9ecaa,3.2591283491534684
d3c36263,4.374789626657215
d3ee468d,3.654899962125685
d3f97338,3.4616707203805075
d3fef198,5.597217621141062
d4008a98,2.7736833185361056
d409864b,3.580902744154241
d413a5b5,3.493691068678573
d4318fb6,3.811769539703694
d4426124,3.942490965477631
d448b7cb,3.1391278694596925
d454e7c7,3.1070299146225606
d4666900,3.5126780273784677
d472cfd9,3.4159524194029167
d47829b9,4.093700130933341
d49e21a4,3.6546736991057163
d4af22cd,3.859420463386553
d4cf6a41,3.8832648681294026
d4e208ac,3.267526335161931
d4fa47ec,4.180227489537745
d505f7c5,3.4721921639210698
d516e816,3.8595468387102003
d5353eac,4.242776050422646
d53e304e,3.403724695842099
d599928f,3.7511354452325985
d5af6725,3.2200142112237495
d5c746df,3.1134771563076735
d5e08535,2.6683733262593927
d5e3afb6,4.007473588110619
d5f419b5,4.19319217779887
d5fa21c0,3.4047096899900366
d62d4366,3.0601396135578494
d641a64d,2.7054384742697373
d66ea1c0,2.994851600597198
d6892916,3.7068011602361723
d68f5377,3.434466634480186
d6b3f0ee,3.3758153877901678
d6c49842,2.9995502431172407
d6c720ce,3.309290068382815
d6e700e9,3.782295529015404
d7055c65,3.0445539623017854
d70e1baa,3.539484883922654
d74d2c51,3.1988215204086026
d7705d79,3.9101228540026334
d7871a2e,4.740783430965211
d791d36f,4.476007973284057
d7c03932,3.73358842840349
d7c8a819,3.6000069067963754
d7c8ee51,4.894266899970805
d7d0eca0,3.61288352668729
d7f0b1aa,3.9275638036543796
d7f21d96,3.1263545512563593
d80ce807,3.655595668857992
d84f0c52,3.384857173983591
d850861d,4.056885987110793
d8612276,3.7888338334249783
d86ac6c7,3.4596086804764585
d87acfcd,4.414043069571413
d87dea65,4.234963225842326
d8871360,3.713996286260644
d888ebb7,3.2185273143467126
d8a426e4,4.55136634009114
d8ad15e6,3.3389525322262226
d8bae9f7,4.153438113647679
d8d596a3,3.8632737520422404
d8d897c8,4.066949427591662
d8e49913,4.046050627116982
d8e53b5b,3.288325474265088
d8edf05d,3.9265502526321274
d931029a,4.152102342300078
d93bd869,4.258309070856667
d9474286,3.384790473084874
d96b5156,3.4118920111477773
d9a4b7a5,3.5435850756506833
d9e2c66b,4.1703053762843325
d9e9abae,4.153720856031213
d9fa0e75,3.923349523953757
d9fec26b,3.295984249997945
da5a554e,3.140783677947489
da6a74e8,3.372542930227466
da70f502,4.169662027041454
dac7fdac,3.1718276295724817
dad2b05b,3.2868568374618565
dafae958,3.923494713350955
db1e3631,2.916974048177281
db1f9df0,4.5583387472531465
db50d9e3,4.383494295968097
db6c2876,4.084669351033714
db9b38e6,4.092914476309034
dbecb2a3,3.8408877632727254
dbede377,3.556506445102387
dbee2b4e,3.797239424329961
dbf94a12,2.981610842674101
dbf9a096,4.943445775246115
dc0d7869,4.030625114124939
dc57d9b0,3.1415561863133155
dc7b3d6e,3.1179242365872364
dc844db4,4.2354756962022515
dc90585d,3.717459328280883
dcad9665,3.8888138468442475
dcb5cf49,4.437938613789082
dccf967f,3.4166445891520887
dd219a5a,3.2795737993470606
dd22a7ca,2.6813979398370726
dd3bce46,3.9495396435247554
dd3d1dd4,4.768650805582636
dd5994c0,4.191216575829021
dd75c2cc,4.448715843341462
dd88f370,3.4706127967640907
dd8a5352,5.372488528209505
ddacfa95,3.2663692085913123
ddd1ed83,3.115722475726754
dde9f6b7,3.7924098994364224
ddec0a5b,3.5041710601278098
ddf1b15f,3.9961526481320733
ddf35b9a,4.275165518805727
ddfffe1f,4.339879915736699
de18d343,4.492895765538711
de30215b,3.6248093312532506
de5a1b34,3.382360254660803
de913853,3.849213797630859
de9d6b34,3.722778586337737
deaac2a1,3.1639085323060403
deb9b876,3.522609867270049
debf5b3b,3.344483984656522
dee20b45,3.337112679826102
df20a55a,3.6833641858543835
df3055b0,3.7125926422814586
df4a52ad,3.956919111610452
df5bfb67,3.323145868653479
df6f843d,3.6463141674506314
df74824f,4.021989187536791
df949cee,3.4337779326245017
dfbc5b5e,4.973566651476165
dfcb3181,3.040855119368155
dfcdeed7,3.0675143624233243
e01ec054,4.459832258283374
e0324663,3.9069466304937364
e041a590,3.8807677761856505
e0a304a1,4.210570989585324
e0ab02ae,3.2069051378646023
e0bacb1a,3.1839059417451665
e0bb8634,3.810131486787859
e0e3c14c,3.5664653079716198
e10e1197,4.481034387896119
e123e09b,3.561202722512553
e12a6ae7,2.554843282124078
e12b5946,3.1478851384610795
e12bc25d,4.220702613285597
e14058f6,3.6841230861470238
e154a6f9,4.498467396721366
e1567295,3.3582384845654696
e15f50bd,2.828358147651276
e1a70d39,3.581079504632621
e1bd350e,3.442717090553806
e1f972d9,4.86965111550273
e2124c99,3.9125408666637265
e23bcdd3,3.8712904387921934
e2618d09,4.424910934746957
e262beca,4.492414757850363
e29d58c4,4.562725410130657
e2afc02e,3.254760728358994
e2bb43a4,3.5503046949098698
e2db25a5,4.067124786575899
e300eb0e,3.8549639074893407
e348267d,4.001375908330916
e3566589,4.0543955838365475
e3cd380f,4.4139754238163045
e3e0bc01,3.3505089191668658
e3f3f5ee,3.778663045660856
e406a87e,3.404564826089749
e419603f,3.6977152916113623
e41e2d33,3.18674771474832
e42b680c,2.958200150231791
e4517d6a,3.280916298678836
e463cf46,4.148469692555929
e46dbd03,3.691055662438759
e4721651,2.8087988292543273
e4898343,3.141166070056988
e4acea6d,4.175096527415761
e519b7a4,3.2874483268937786
e5246b48,3.3173451976998503
e5339ab7,4.112398097087227
e561571f,4.2587295744169005
e562b877,4.124320303060477
e5640ba4,4.146631181540814
e56c61cf,4.540615044237397
e58d9b29,4.472960179498504
e593ac4f,3.0785241329946254
e596b9ad,2.9570250295357656
e5b405e6,3.897619105639356
e5d223c4,3.644479335943143
e5f12cf8,3.3828735973628272
e5f9bc63,2.885313006491618
e606399f,3.963129446262625
e6298062,4.301227421373521
e63504fc,3.2604850990317127
e640a6b9,3.1695563297909475
e6693dd9,3.3843940231281215
e6702053,2.9005312846852944
e6a6e1af,3.748378850242518
e6c46996,3.77319051171045
e6cce993,3.4584361396124006
e6e75b5a,3.721936967150235
e6fbb647,3.247900215053376
e731a4d4,3.7858572915852897
e73d822b,4.209317878469687
e74a7639,3.15954749533911
e74cdd1b,3.003835831574384
e76cf799,4.418487064012519
e7808797,4.147915211922611
e78f568c,3.72585194278707
e794f432,2.946515231546226
e7bf19b1,3.335179352969281
e7f05c8a,3.098376637663417
e7fe6607,4.082712229892188
e80f36a0,3.2752588407898204
e817ec7a,4.832543140710307
e86a132d,4.173582214173518
e86ef821,3.232885349925608
e8a6381d,4.227715209706051
e8b674c1,3.019472076846583
e8f1926a,2.4454465505219067
e937b66e,3.948509555591903
e952ad6f,3.4785667493450685
e98e0a41,3.91838098382655
e9901ca6,3.866891315033542
e99a18d1,3.6543325750311313
e9b68199,4.733506432392993
e9bac206,4.139261529019541
e9e25b02,3.4756733930596573
ea0dfde0,3.6632308139360266
ea0f84a6,3.46613968224922
ea411cc5,3.132654988484779
ea43e32d,3.089401509543178
ea6f3b93,3.7685223413145894
ea71cc1a,3.052914333696923
ea735e2d,3.5566890751945373
ea7c2867,2.9553312261649136
ea95de7c,4.284922908217325
eac07dd0,3.7331617887496207
eac9e436,4.971665560557337
eaed1826,3.6656715908858746
eb5b8e69,3.5900854403732887
eb5d1609,3.5036641410698923
eb7992ef,3.0355134723034736
eb968f4a,3.667181842376596
eba9ed17,4.035922385859724
ebd38edc,3.7848073386395766
ebe17e7d,4.110297573683798
ebf6d57e,3.3719326967296546
ec0efc3e,3.3746106707597665
ec1bfe78,3.3886684979101016
ec234dba,3.4781625538631147
ec324099,4.271666810006997
ec339aeb,3.0885281202735952
ec816a28,4.1433478774624035
ec9a3e6d,4.226833143916887
ecafe4d8,3.19995638438626
ecb4af9f,4.456743052341718
ece37736,3.0919120087344862
ed172a79,3.4225323809889296
ed3202cf,3.9154790548834004
ed51c841,3.616082455657096
ed8734dd,4.024759258910243
ed9933ce,3.032240413180845
edc6ce98,2.883758566066647
edd55568,3.9893767806458036
ede8940b,4.678878816483687
ee11b25c,3.8302415458528984
ee1a9853,4.1790967382836675
ee2a0546,4.315674978260528
ee34c541,3.2488578874365026
ee4a8e44,4.861014023373318
ee5110f5,3.3452278708017524
ee5ecc19,3.3845109463538465
ee73809c,2.870382983220656
ee80edbb,4.966278115717291
ee911fdc,4.391056138537126
eea1cab8,3.6562170412845347
eed0ee0e,3.5736330005266543
eed37e33,4.451055964896114
eed7c3f4,3.263129000753965
eeda6773,3.6520414253028894
eef796e6,2.1695720041303863
ef49c621,5.029728631507984
ef4bcc6b,2.9622941440897033
ef57841d,3.7839588420013355
ef5beee6,3.6078675069948303
ef754fae,3.0729209041207044
ef7c6ea1,5.643950642688835
efa94074,3.5502501715476242
efaa8ea2,4.259861029553285
efad11bd,3.7706207150737514
efb39280,3.9147228161918783
f009c177,4.198881365823045
f01e26bb,4.5988586893847465
f0209f34,3.3433397081865386
f04670f7,4.800802986307217
f08f6465,2.836902286106791
f0c5c4f2,3.7366562243747574
f0da0629,4.340057801831225
f0fb2654,3.679534931675823
f16080ce,3.6281584304304086
f1731319,4.109945440062077
f17fa30e,4.0949385550508985
f185661d,3.747103948551599
f19fb786,3.974591612014155
f1d5d6b9,2.960818119056347
f1f4cc46,2.9896004321434138
f2021d46,3.766433860160595
f202bb11,4.690784972318688
f209bec2,3.437424209860379
f212d295,3.8672214206994986
f22ce81b,4.300201282219209
f2399f11,3.597647056151079
f2597afd,3.5099233637625566
f26e1dd2,2.5977667652386254
f27ece1e,3.0498938115701293
f28baf86,3.9604931519603634
f28f6017,3.7940071194106957
f292a107,4.105528106312322
f29f284a,2.7962301356343366
f2c4d0bb,3.666015689232384
f2c7963f,3.4686586226691634
f30d37f9,2.721106319028504
f31cd643,4.545324578478419
f359fc4a,4.149939119025744
f3778d8e,4.311603720412144
f38fcfd4,2.82374280467672
f3ad364f,4.912360866818296
f3b6b53e,4.684276471557433
f3e08757,4.335798003095628
f3e59808,3.0796173807971603
f3f9174e,2.6286889276199608
f3fb665a,3.5342765051412983
f3fcf7ad,3.307912331031235
f4080033,3.783612114318604
f413c831,2.751150080493314
f418ed5f,5.293797868491202
f422aeed,3.155954606105788
f42b441c,3.189522666036213
f42b9e9f,4.1341512129077485
f439e38d,4.2383030014756224
f43db247,3.5632164278670078
f44c5550,4.61152132114852
f44f11f1,4.220881832823112
f462f23c,3.4151783125644424
f495bc5e,4.033488443031187
f5003d20,3.1652335249028143
f518aa1d,4.0677801599239745
f55c1c6b,3.0697344460143356
f564c467,2.642369792150464
f56f5478,2.9983365504222275
f57d7159,4.514170730642322
f58a6673,4.353550750591088
f599185c,3.617675317079002
f5a49c19,3.799719435187221
f5ae59e6,3.5421897833690212
f5b04434,3.2805550428864985
f5d14e2c,2.8770629376297765
f5d8ccf9,3.508448265202712
f605d266,3.0850606500910143
f606143f,4.031658234377942
f62fd7f3,4.3528445064862265
f646700f,3.902459319896617
f64b2e1f,3.66507403257051
f64d14ff,4.175129802447019
f65551e4,3.7915186353194423
f65da054,3.145778784176586
f686be9a,4.296446668870498
f68fab1a,3.182303311400672
f69a7e8b,3.688968643140209
f6ba36c4,4.948253925806501
f737aea7,3.6947805871731374
f73a3078,3.1752062336702256
f748f79f,4.2653448813626635
f7551231,3.2601177239038317
f772262b,3.229317469207781
f79335cf,3.6710758408280726
f7a8641b,3.6166402445553913
f7cf9bbf,3.4417541099745934
f802dd9a,2.8792364313267353
f82c8d7f,3.8426548232883304
f8699abe,3.472907985449178
f875f75f,4.0447749240803335
f888ab41,3.3363167508097957
f8bed397,3.760816441814512
f8f00deb,3.1665581535897735
f9511ff8,2.9735973738777908
f95ee168,3.8158061230104474
f9b99dd4,3.2890710698446886
f9cf5bf0,3.532377180182509
f9d1846d,3.5596805810534087
f9d3981d,3.1776496801674634
f9eec00e,3.785633249650305
f9f9b53f,3.739769043157319
f9fd3268,5.018346367352567
fa1a67ba,3.151536412655285
fa34f270,3.008389263258202
fa489e99,5.798764327281884
fa6893a9,4.189709572439152
fa7a179f,3.3039552698281254
faa72937,2.9145040883138007
fadcab5b,3.853146930685712
fae5bded,5.462766292277799
fb2cb7e6,4.4819437493499255
fb4902e4,3.945455540104159
fb53dda6,3.2215105283024306
fb682f46,4.258114489220118
fb6c9c09,3.052934500006397
fb7849a6,3.553700542814348
fb9b8674,3.828226233311697
fc04d65c,3.8111557535948233
fc0d73b1,3.3490741651924427
fc564f46,3.0673321255934267
fc76950f,4.461289064989358
fc95c51a,4.357845278383212
fca422ea,3.5183572016374036
fcd51d95,4.036991419406364
fd1e6766,3.4893315285631297
fd25a501,3.8439021681070678
fd3ee9bb,4.171697782685939
fd565688,3.57852189833333
fd77c29e,3.137555980859363
fd802ea8,3.2043904927648947
fd86ee30,4.54617541895416
fda155fa,4.522988297919769
fde20dd8,4.758312121547604
fdecb7b7,3.430612026544071
fe092635,3.3912334950865537
fe2065cc,3.193051094246205
fe4b82ea,3.45127283096177
fe517d36,3.3401190945237587
fe5f3bdb,3.703609922698982
fe746252,3.5000333183490993
fe7cb4da,4.010311077606925
fea58520,2.990006650862935
fed10058,3.6554302881416505
fedefb50,3.710742364137838
fee38d19,3.391893738258496
fef49516,3.22092038232871
ff25c55d,3.2529781720345117
ff2f2711,3.277692312977859
ff387a10,4.131860524574559
ff5ac707,3.0857019551101597
ff635a91,3.386040827660827
ff7f1779,3.8656578564632027
ff90a677,3.1240297481852446
ff9a11ae,3.7812501449687907
ff9d1032,3.518577325744156
ffab2ba4,3.2087255117449733
ffb8c745,4.023726292855015
ffbef7e5,3.670060746416467
ffccd6fd,3.453299061316794
ffec5b38,3.8541450084645286
fff05981,3.6125022430062326
