id,pred
001519c8,3.6519873251340726
0022f953,3.2636176761676894
0042269b,4.343123304259788
0059420b,2.354423792587541
0075873a,3.3372002546138995
0081af50,3.5328699387185267
0093f095,3.3794985427976445
009e23ab,3.5445002818144955
00e048f1,2.7416672949515144
00e1f05a,4.630791921311737
00e713bd,5.055887619544948
00f0737e,2.4327528920083714
00f8e84c,4.185556834948975
00fc9a6a,3.3502152452072065
0144e4d5,2.292204198781602
014e7ae9,4.411722259519055
015aa732,4.320721915201128
0178a105,2.709363728346503
0182aa1c,4.17567185405154
0190ff4c,3.1354299941675206
01963e20,4.4843134239277
019737b6,4.6566857999173985
01992d32,4.589850640284788
01c359fc,3.8758467990801333
01d0ba4b,1.8986856068586766
01d602a7,4.102782783554814
0249a095,4.315885522812855
0262bf61,4.674459664403569
026be946,4.043722953355465
0294b4f5,2.921563033401931
02a41d1a,3.8189886838982594
02cf6a52,3.3622655979884892
02d3c9fc,4.065524902095316
02e86b6a,4.69551665443407
031c0c58,3.847517251694648
034d61db,4.72102553228662
035f09fc,4.3081415251092725
036cfd42,4.706855638168105
0395b217,4.554505403333222
03971ddf,4.36461596938734
040c429b,4.094965435478445
0417d421,3.3805687022710633
0432f117,4.350908457546395
0445b534,3.0275256005863773
044b274d,4.68704376315471
044c5c54,2.244907187440896
048fd254,3.8598338188429526
04b88b3e,3.783950667282028
04c5f885,3.078497929134518
04e37b6b,3.850601292604088
04e63aec,4.262923692425613
04f83ccb,4.140216937504436
052a7811,3.6498330988708303
052b25e1,5.020022708961014
052cf3a6,2.7000801830031436
053be4e5,4.376009847490696
05624ab0,3.432928584935948
056c41fc,2.598640641023939
05b35fa0,2.942801336976018
05f425a4,3.795505756324184
05f8ca37,3.077118671928423
06336d82,4.268091451157918
064a82e9,4.342202151380105
0657fcde,4.610113337851412
0666fb4e,5.086211422149709
069d668b,4.317738698535751
06cba5d7,4.3451924573211205
06e59db8,5.025778653541475
06f33221,4.128507401673645
073b3535,3.8789019612457913
075f92a5,4.168034359271631
077ee03e,4.747588785925541
078a6196,4.290922293274776
07bb2245,3.194762589302249
07bb7765,3.403018487776186
07c36ae1,3.752627055677016
07e41499,3.401729611299053
07f3409c,4.939744890120802
081d84f4,3.851496959696849
08276ea7,3.5600056855578615
08288a1f,3.637106952538167
08390d49,3.735628983512382
088efb89,3.794297036083706
08dbdc95,5.406283476576788
08e3c7ae,1.5295775269917251
08e82426,4.582772852189953
08eb331a,2.100289456404613
08ed1a7f,3.8377066420810566
08f461ac,4.207583315204337
08f9b53a,4.611916314557209
0916cdad,3.4903169562197807
09429577,3.9788759464382633
0949205b,3.457675555349684
098c4b58,4.421841022371702
098f7878,5.121172650932786
09a67581,5.109418619084234
09bf7971,4.255116713481302
09ea6d33,2.7616936634912537
09eb3ce5,2.885366520364877
0a1be27b,2.6680159610208403
0a21bbd6,4.580232461019167
0a248634,4.10849414574125
0a31d60e,3.4398642493164573
0a4e3aec,3.3239380500806144
0a4eae7a,2.324404848246012
0a59a757,4.4145554799319715
0a98043e,3.80502578940388
0ad15907,3.7965460869751246
0ad30c56,4.568802109104157
0b7d9563,2.942862864786806
0bcf7a38,3.395637568047984
0bdda3d0,4.440364933543329
0be614b2,4.4445912419089115
0c0f5e03,4.053897563833104
0c13191d,3.687789856601945
0c3c0e97,3.1408452219216705
0c63312a,3.888072552697541
0c683abf,4.1006644351155925
0c6ae36d,3.3532401997130363
0c6dc776,4.548009531788257
0c81d872,3.0075254283640818
0c97760e,4.573357006121166
0ca05fe3,2.7477846436290014
0cb03a4b,3.4930160841834152
0cbb4d8a,4.11276089356276
0cdbef4c,3.9748396778834656
0cdd67f7,4.7215873938616415
0cf8f260,3.0247972251509676
0d0f5c6a,4.19248524846817
0d341ad9,1.5286155879192798
0d71be2a,4.423461478055348
0d9a48c8,5.361140849608647
0d9d8d5c,2.0122229102045455
0e1ed32d,3.960535147199495
0e45ff80,3.2549446741963726
0e47a081,5.063753595442739
0e6b2690,3.4555123554880036
0e7d541e,4.490452156314844
0e8c5c2d,4.559254233884359
0e8ff5f0,4.728399518936338
0e92a174,4.032614610148035
0e92f6e6,4.233452776659895
0e94f89a,4.016941092869095
0eb6deb6,2.83569835128004
0ef51d77,4.394956691392821
0efdfcb9,4.300632795984079
0f2b0127,3.2499191136956735
0f2d2bc2,3.5800934529902793
0f53e40a,4.962301300169366
0f825609,3.6440367684995874
0f99d42f,4.662240786847612
0fa3f386,3.5058670264225653
10001c3f,5.1386126240858125
1031137e,4.509636812416904
104e2177,3.8676810183731924
10894203,4.071725677251111
10967045,3.361195713632634
10986aaa,4.518301842303214
10989e65,3.7487332510935416
10a8ffbc,2.5683850465268
10d00394,4.822224769051855
10eafbce,3.734825018778139
1102ab6c,4.29764643120554
110982e4,3.6034775758192192
11612565,2.257403442909488
1165aac7,4.345381300261003
118107cc,2.993458146129107
1183579c,2.840867474998887
11938f53,3.059482068030883
11c44718,3.6919183020758606
1201aaf5,3.9467739973851845
121b7be1,4.28527905585795
12251b80,4.047782998937319
12552ba4,3.932609102045453
1255ca43,4.066492106325636
128d8837,3.6742348526441315
12a1c58e,4.221760361396661
12a29027,4.963598426177614
12b11af1,3.385573484405382
12c0c19b,4.262623073158
12d2369f,4.2608722566335135
12e6279b,3.7575619731862293
12ed90ad,3.460126681570346
12f19edb,3.0962483050384306
12f9bae8,4.3591785369808695
131a4f5b,2.0972420698706276
1343a4d2,4.06995292086274
1352b297,3.5141554217071724
1372a95e,5.063459927377638
13959265,2.161858530153031
139b1633,3.422431772430746
13b35572,2.3187863228410537
13b958a3,3.7722047527391314
13c12172,2.420173148965177
13c8090f,3.6502189103450675
13e5d669,5.348699810192708
13e5fbb5,4.094943390590729
14198179,3.098333547277053
142ae1e2,3.5905428253885012
142d6035,4.056207493034155
143c8cd1,3.961303946134875
143daf03,3.104976478232645
14416b1b,1.8476778294083616
1454c1e7,4.28526939775698
14623dee,3.5875044411332824
1465ed8a,3.4439636584667093
147f29a6,2.712332513455905
148d6ad2,2.9372596566046005
14a7ef5a,3.2646698028340633
14ab2307,3.474653801964884
14c585a2,5.26284206853513
14dcd6c9,2.8026834494585837
14f96944,4.103178952345131
14fee75a,3.1382763827892766
153aafba,3.5033897522429567
156afd16,3.6552475752818965
157ebf8a,3.146236607802836
159f332d,4.282906777645167
159f6c4b,3.684610043634404
15d93e45,3.6152675095114426
15dde81f,3.450097162935685
165315ef,4.2128105226897565
16542171,4.5075707566037675
1677c88a,3.5247094437842392
1686e65a,4.636431841770779
1698ffb9,4.084117010686886
16c2ea01,3.382321156034669
16e8b11f,4.858873356115989
1772af76,3.748538246441369
177c0f32,3.729740764564787
17b23156,3.767631103070153
17d3226a,2.652122745932192
17dd8cb3,2.194759432993179
1811b3dd,2.6057387287785554
183fdf47,4.006879464147296
1849b0dd,4.316084737290388
18546086,5.333165239024338
186c795b,3.986047717313591
1894b127,3.885278747233762
18cb3b82,4.520386978977338
1908a463,4.373097647401668
19312bdb,3.758907926358789
196a6369,3.8381872146591713
1972e933,3.8672843844857496
1986a3d4,1.877344947494705
19950714,3.553433261289962
19a76260,3.215936620834863
19baa1dd,3.2230292731102903
19fbc46b,4.60895398503477
1a07f6cb,5.10624450685006
1a14d0f0,2.805871118314356
1a1ca818,3.8332029771477742
1a2a5718,4.904943595332471
1a6a67b1,3.045333945205405
1a7861e7,2.468459823728983
1a7d6b4f,2.1375524741005183
1a8cbd7f,5.62355638480784
1a926362,2.665060959726763
1a97368f,4.510533427177425
1a99ca29,4.590174281735653
1a9e8903,4.535378955459646
1ab08776,3.113755154974956
1abc20b4,4.565499942726698
1acb2b61,4.4745044653627835
1acc5907,3.6620224043240315
1af8f766,4.794130132513266
1b170ded,4.457549594493385
1b192ac5,2.69923589200967
1b1beabd,3.1845366895035148
1b22c07e,4.821402303960662
1b2f3b8b,4.147289346022899
1b5a2340,3.706995917193964
1b6ef74e,2.8857899575105788
1b74bce8,4.20669204701455
1b83a657,2.4103225247718205
1b8d8f77,3.6835154590613373
1b8f6a12,4.683079094059826
1b909812,3.2003754622767624
1ba0622f,4.333071786921734
1bc286cd,3.5627915123419944
1c08fe1a,1.967127888133783
1c1f46a8,2.9491711792073736
1c3f6510,2.498975048755988
1c4fcca3,3.6743956676497533
1c540433,1.9121814809564845
1c81cb79,4.195069505270284
1cc9ea58,4.41960599111974
1cd167a4,3.9988709762015016
1cd86e70,3.6938402036254487
1d14ba28,3.772609629703318
1d199f1e,3.3884240975951165
1d5c3490,2.545004140791676
1d716bff,2.4004940619457362
1d8cf496,3.4435544129588704
1db1735e,4.805012355319917
1dc5440c,3.240012416918362
1df0730e,5.2747895590771385
1e12f119,3.0552550992260894
1e2a01f5,4.065847698133041
1e7fc25a,3.059482814185377
1e882f60,3.2465322766166747
1e8e8e18,3.0204882865586393
1ebb9b74,1.9880147028730357
1f66e7f7,2.3369992084733737
1fb7a3e6,3.9830720138144
1fbb8840,4.234598224391177
1fbedb17,4.737801969561035
1fbf2800,4.250982162581564
203a6602,4.0981522735024445
20678203,3.762896823947506
2081c45e,4.426569697756413
2083b2d1,2.423855948965204
20ae730b,4.254296336953667
20d1a4a0,5.064014374353189
20f66977,2.143282530588603
20ffdd91,2.703350787827919
210aa189,2.5140152368902484
21170932,2.5519216548475145
211bf668,3.048600813315035
213d79d9,1.8495547438190065
21434532,2.974791946162316
214992f5,3.072426251431949
216e0bad,4.19359645315725
21707506,3.023428743890409
2191981f,3.1327753729714765
219277f2,3.8372352385139643
219e5338,3.3492816743617326
219eeff1,1.6715978767183708
21bbc3f6,2.0458186049682716
2203d0fc,4.080359765047565
22106b1d,4.3981893190171375
2222cd90,3.9001928019074654
2255eafc,2.008808743306449
225dcef1,3.3370469471269297
2277b17f,4.680050035621014
227e9aca,2.485261197981514
227fc5d4,4.797713955790289
228f56af,2.985891346483129
2294b205,2.8943041884685705
22982ff4,3.6638049978234117
22b5b6db,2.1645764492453057
22ca4a3d,3.9601494389509866
22ce0bc8,4.49017120830534
22d9276d,4.455834422614232
23022dee,2.517491398430377
230b73d3,2.7757960044141297
233d1540,3.5087168111542675
236171e4,3.825467724322706
23717103,3.4219833363404613
2381064c,3.327140298120129
2383d924,4.415333165135524
23855e0b,4.737539637166413
23bce305,4.183635960756802
23d865a7,2.9899421394855428
2428fa05,4.582559229762386
2440d983,4.5500098684893135
24870b2d,2.9781630477988466
24eab250,3.8778221171827165
24ef4fa9,4.210377580444811
2522a736,3.366642279091962
2534ca96,3.903613769722732
25354b83,2.8148648533396043
253b2cdc,1.7288750404040825
257fb4a6,3.6629785775552066
25835eca,3.646669625491068
258ecfdc,2.8741600173426654
259b5a0f,3.7334813226404604
25c3877c,5.386689064940494
25c5a18a,3.9262891103446065
25dd857a,3.974266804973665
2600692d,4.922429707579156
263d3129,3.2909065277397724
2641df91,2.0160937705255937
264d3c96,3.9108398003620026
267f8752,1.794698191185758
2682c94b,3.9715813388053354
269fbbdd,3.277194985889652
27027716,4.060505379092102
2717fdef,3.2677085639523615
279b22e6,3.5774647354616653
27b7f5c5,4.161716458769604
27c6585d,2.9755882398836797
284aca12,2.2422484746270563
285a0153,1.619029553172875
2863f4b7,3.311916617604695
2889d0db,1.6188145746804539
28b77182,4.2347582141874955
28e0fc72,4.805507546128217
28efbd1a,2.9987494968890216
290789f7,2.500610262758122
2917977d,3.54739515689491
292bd5f7,4.372894473667547
293d6cb1,3.5680644313620293
2967ec05,4.650188434593174
29b7f2f6,2.3728674850838325
29d4417d,3.956823688446501
2a11b826,3.575738732693847
2a4db519,4.83577268979889
2a5f1f40,5.03622486115356
2a614234,3.1079135657363564
2a7b72fa,3.5941619575817367
2a829632,3.7079266678424823
2ad0867e,2.635423388485022
2b1539df,4.297993645109278
2b4ce8a8,4.610273978185974
2b58cd89,4.828862992662918
2b6c176d,3.0216743168305378
2b9d70b2,3.0929228898839085
2ba1a84d,2.9463435525110557
2bb9bf81,3.9321964820044704
2bcfd704,3.3796503495589647
2bdba7f6,3.9439263915201304
2bf2d921,3.166797400911066
2c13728c,4.061644220552692
2c30b48b,3.0602202800723353
2c31fe42,4.3507890344609965
2c342490,4.318645088567746
2c3a98ab,2.6602626892334995
2c403362,2.99481515985694
2c6da667,4.454170219194315
2c73e7d0,3.4086650251715516
2c75e15a,3.532104836448055
2c7997a3,3.4533087599550334
2d299968,4.387661096547015
2d394d34,2.2066777132377564
2d51209a,3.7300878038068346
2d58eb30,5.203488589853698
2d82f063,3.4097098798499914
2d83c6c9,3.806298790443706
2d8a6af2,3.732559618124025
2d9342d0,3.1442231373280265
2d9c35e8,3.1857663974945747
2da56fa6,3.4515985830489178
2da9a8cb,4.658979882360996
2dabece2,4.460498533105109
2db46aff,3.55937792829861
2db77950,4.284585324967305
2dbeea4a,4.03786117402567
2dc069c3,4.033255265003619
2e01a66f,5.275609039372354
2e0fcc07,2.5744717051307036
2e2e145e,3.3356277565822863
2e303d69,4.194764858778413
2e797c45,3.3027783780236195
2e9ee7c1,4.411825387886041
2ecae626,2.567019730664322
2ee0f648,5.032330250245604
2ee11d9c,4.368911493848383
2f2b1be2,2.959731540538655
2f64d42c,4.655196289396796
2f7356ae,3.055273729679624
2f74828d,3.220004432347116
2f83bfb7,4.247020124512294
2f935a5c,4.618902224896245
2fa3af34,5.48748182023954
2faeac7d,4.169853230769335
2fc93786,3.315013639920622
2fc9620b,3.2396403128336537
3006e294,1.9759608140034972
30235dd1,4.455861734471862
307e833d,5.094698132260512
3097a2ab,4.206613114399039
3099719d,4.186936344477746
30c264be,4.738762329927776
30e0f4ec,4.603306675553215
30e2aa10,4.266178654951053
30f509a0,2.713679168888359
3114bf63,5.386064594335376
31308ef1,4.318109778569394
315bdafd,1.5212217512968182
316bd158,3.488804015250759
31816ccf,4.531628110843369
31bfbe30,3.341073046207732
31d5a61d,1.723746325552521
31d87980,1.872342290876715
31e423b7,4.9999386316202825
31ead610,4.190052257274941
32351c1e,3.6732907358084788
32367f91,3.205995334579398
323b91ab,4.504309740430161
32521404,1.7101584432754968
325235a6,2.894872457292585
32897e88,2.1986924805963377
32a001ec,1.7267324570342693
32a0d334,3.7714163800330676
32a8bf6e,4.041007820592695
32abae3d,4.112867943551919
32c5e6b9,2.322757245066489
32f5dae7,5.1015597337014515
330e0852,3.4920906323021366
331c5ed4,4.1654558233701575
3320a922,3.8704286250490747
332aaadc,4.953324674362956
3330a3c2,3.638553086022366
335fc8c4,4.903378154344543
339ef1f1,2.884737267151674
33e55b8e,3.6277079282206004
3402f8b4,4.570928340495967
3430ffd9,3.124277736361815
34374e3a,2.2759555190306875
347a3473,5.240897013829699
349165a7,4.015138372376561
34e6276d,3.915852709302503
34e9c080,2.2729737741890057
3507df06,3.131745147156812
350bf2fc,4.9923962762661915
357dd517,3.9167690160301767
35a8b483,2.6655283390528166
360df630,4.767129802581528
361ba892,2.5199513247137477
361d0e8e,3.7682247785595573
36262fb9,2.8822673671567576
363cff31,3.9060566709222693
3665bfcd,3.3547446834614636
36937fb5,3.6348866366458332
36a25efa,3.6586889990620057
36e03ded,4.561712508981764
370be0e8,4.380486115520643
371354c9,4.514095256731431
37677d9c,3.461909137000592
37870635,3.9236624416938057
37938f0a,4.07913396144772
37aad1c0,3.4748192858408125
37af08ac,4.759586113311074
37d60336,4.250464550175751
37da53ba,2.781405337793074
3801ae95,4.498088112664406
3814e70a,2.6193854474671854
3834adcb,4.273666834906579
38556f4b,3.04272096985929
386de32e,3.929960987029719
38e46312,3.599813650530489
38fd0668,5.255059049272754
3919c54f,4.477878205107604
3931a16a,3.853078760041163
3938f736,5.338684766715008
393b3fa8,4.409137975772475
394aa22d,3.414414252607931
394c1342,3.841320551757305
3965375d,2.6983013176049275
3977377a,3.0131237619472695
39bf6230,2.6798272284116655
39d8a62f,1.3669476992242076
3a1281c8,4.487788754415845
3a1d42c9,4.968916570787237
3a266257,1.5150841819986134
3a2e0bee,4.014116622853614
3a39504e,3.9639580089917894
3a5b6512,3.4428640032301545
3a65a167,2.9933782076031896
3a894e01,2.3830144797570036
3a8c1895,3.1816722508620825
3abc84bf,4.189905011331188
3b16cdcc,4.17765966263211
3b255c54,4.940936002888325
3b5cd2b2,5.143156529063093
3b664e22,4.012093925558725
3b75532b,4.274002970841001
3bb7e7f4,3.1971134711154106
3bda31e6,2.678692918944761
3bfdb870,4.3711328721065605
3c1538c7,2.9590915322001394
3c3605d7,3.8339868668652284
3c417fd5,4.401056865465145
3c53bfa0,3.8266257148304996
3c79be4b,3.2377909985201847
3c837aa3,1.7169491095253506
3c957930,4.2897541777419175
3cb3b607,2.077435168958601
3cc2d640,4.821312009250648
3cffdc8a,3.010002681705394
3d1f8204,3.0579903420363
3d24cd53,3.8698111464533755
3d6b15dd,4.5478031492191
3d95f52a,3.4754610098998184
3dccb44b,3.6303316713724914
3de6dde6,3.9683221277600897
3deab542,3.697621625455231
3e0aa9dd,3.813088584285026
3e10785d,2.1053201658274943
3e2b4048,2.433249237567697
3e3303e5,4.452836867905879
3e3848e6,4.273322060992663
3e3cb355,4.694057254175709
3e40ecd2,3.7144266726545907
3e498d1f,5.1689125490036485
3e4d4afe,2.3852643671084905
3e5c062d,2.6835553902472893
3e6f3340,5.021513515580527
3e99d020,4.06855167302603
3ec5db01,5.021631001996447
3ec68173,5.003797837747652
3ec690e1,3.6152825368916806
3f0ba72c,3.514252703944391
3f73ca80,4.175390493046239
3f7887c6,2.8737123756570275
3fc18493,4.637964520039387
3fdd2b5e,4.459189100641899
3fdf630c,4.218453644255241
3fe62246,4.090470557444953
3ff9d316,4.102085711980439
40145912,3.4571642577306356
402c7ed8,5.043646851296931
4042f12f,4.170964323329319
40556bf1,5.0457284687715305
409e7178,2.6609575056603436
40b28508,1.8344625261795187
40caf723,3.8143643764790993
40f941ae,3.771968079792165
40fd4917,2.4561731696708424
4107bf80,4.291119448908258
41090ec8,2.139285079268383
41388810,4.5686890610930595
414827f7,4.67943417510403
41a021da,3.6637596792311227
41af0616,4.016640157346987
41b95fbe,4.161075103207557
41b9cd13,4.148710395716222
41eb8f63,4.457511619248021
421391ad,4.512933990531195
421595e4,4.988358988915826
4219ea83,3.799962837935838
42244528,4.18046174489898
422636b0,4.235761508527514
426da54b,4.213041850580582
429585ca,3.1424111280900995
4297d74a,3.5768185772093384
42c392da,4.24209061342602
431c41af,2.3725521813141572
4393ebf4,4.447787468883919
439423ad,4.039550514572464
439e2f35,2.941960503193295
43a4e74a,3.8369263062528174
43c6ef75,2.0642824718878643
43c78bc4,4.4195808099918965
43f41326,3.5508933236291864
440fef25,4.90431573836378
4422c098,4.8834854946813495
4429109b,3.314816539571152
447b0de9,3.1826146575510887
4483f461,4.812480339201914
44a97944,4.566555441245956
44ec0937,3.1498645005249433
44f11deb,3.0500437100828854
44f746fe,2.8245447909904633
453837dc,4.948508728180946
4552825f,3.8537263911695225
455c8318,4.034535388635795
458bb9cc,4.152718141044107
459d7670,4.520889033513832
45d6b818,2.786559756147475
45ddf704,4.324996153279543
45eeb87c,2.6892495760805826
45f17ed3,4.25319680376728
4608c4a1,3.4717031854042117
460a3b3d,3.346442146934173
4626334e,3.9740628802498326
466921d4,2.753092612424335
4684bf0c,3.7824620005187435
46c9e4e3,3.810632389677643
46d71c87,2.8210933164634135
47263855,1.6877138754581915
472a5037,3.1774096543378167
473222c1,5.308961939877885
473d1159,4.692448423937774
473d6f24,2.708165124558152
475006df,4.248130616302298
477e4c8a,3.3273028224732406
47904389,4.545818738783981
47de2009,3.786747809686531
48201b3d,3.876343120486257
4854cde9,4.485525557604966
48594724,2.429425198615592
486dc5f0,4.462238419611197
487a093f,4.099984982266509
487acbd9,4.619341521150632
488b994c,4.640595777873394
488d195b,2.4930989657403417
488dbe18,3.9549025253635697
489902fe,3.037154067786654
48aaa3c6,3.9474342063771295
48aad08f,3.4776755699746706
48be0afe,3.3050165962524534
48edc5c8,3.939621144285354
48fbb3ef,2.779629382397127
48ff5381,4.587836899014294
48ff8d38,4.928594670601875
490c19c0,3.80998470097414
49190165,3.5471307216206456
4939d3d1,3.183925708929284
493aec30,3.471959333005441
49488813,2.652384981731441
494b2e17,3.239994625659202
494d5ab2,4.147449412192867
494fdf3e,3.401856427262118
49628584,3.786728747830523
497c5987,4.185739196330018
4994a1b7,2.934474920658955
49d31772,2.3055195614899273
4a2e23ae,3.1056939148858307
4a52b71b,2.914492109916789
4a96faab,3.372532678650714
4aa3a5d5,4.004038151333342
4ad56fd3,4.50302939145335
4b0ae22f,4.600437212199537
4b100e58,2.1992058760736026
4b313e06,3.7024115181177497
4b3c6c52,5.18315064960891
4b40b5c0,2.150200991815658
4b511325,3.6385854862920115
4b54047f,4.303760248361643
4b70721a,4.164087614352313
4bb0b16f,4.096605493535847
4bb55429,4.602928147389605
4bc66798,3.6764211189040026
4be768c3,3.0238374093551363
4bf58df2,4.080145456656142
4c084150,2.568193064294526
4c0f5ea3,4.0358862120308165
4c29fc28,4.439270447844849
4c36ee7c,4.059864133739674
4c542568,4.313058395780074
4c5545d0,5.012393002232484
4c5b9963,4.076179446719748
4c665694,3.9802053672914015
4c6b68d7,3.0999530300584905
4c8431de,1.1730371527693646
4c96253e,4.40038609613795
4c973b64,5.034081049480631
4ca65256,4.814750678681109
4cad4523,3.815670550459104
4ccd16f5,3.753815830777019
4d050f27,3.123938340856163
4d0cc87e,4.160471250003595
4d1d25cd,4.484382934134702
4d2518f9,4.613776024565363
4d27ea35,3.538546163231533
4d3dd6a7,4.543814974893626
4d55f4d4,3.5852673561561614
4d659308,3.1980997821337174
4d83896e,3.8637426451991175
4d9acb35,4.556506883635057
4dba875a,4.125215021302484
4df463e8,3.9268096189461787
4df5c36d,4.646634818681477
4e0493e2,2.3651852999835685
4e07b17b,3.360233501146057
4e21e149,4.927272288383752
4e42a8d0,4.322911836618441
4eac4460,3.8774460505289836
4ead4432,3.0722238145409233
4ef2c4d6,2.7528493001550456
4efb9677,4.271801416759644
4f423d3a,2.0451921915471623
4f48b15e,4.503701903692711
4f58b9c8,4.881070685609628
4f790e0d,2.141660359545544
4fab5ef9,4.939297332087662
4fc52b72,3.0065541167155776
5025c0ab,3.6866058709701024
5030aa8f,3.3419554793587927
503b1f32,3.5813727592126297
50457931,3.4685791074892465
5046478b,3.8026077132991882
5091645f,4.3864078134075575
5092df71,3.9054540272550087
5099e6e4,3.3174342438170603
50a6255f,2.6267145976137103
50b091c1,1.7786270844027967
50c1487d,3.704325328722535
50f6a379,3.4834558979179766
50fcfcb0,2.8511938759386912
5174669a,2.888939347960418
518a82de,4.423636947459063
518d1052,2.350414819256734
5200e1c1,3.5353262824825724
520d7802,4.807024325103974
52106fb4,4.767293958020788
52125f9b,4.287116790007809
522894e5,3.4076862500979215
5252751a,3.829671431164949
52969080,3.9023963142157014
5299dfb8,3.7394690001135578
529fdadf,3.701621505512236
52bec922,2.0729256322316783
52c2217c,2.78007327389484
52c8c00d,4.091926251038842
52cb9d7e,4.904791132140793
52d6746f,3.5261182365013775
5310936a,4.313226639752035
531642e5,3.8540589597563195
5327ff63,3.9975069079436096
53484052,3.5945396804355285
53963d60,3.920765950491812
53ad302c,3.6618600123145524
53eae7f2,5.081888750995876
53ef14a4,3.7500469279502684
54066b22,3.380212841133611
54130282,3.320332639893167
54156150,3.64846442300444
54249b1b,2.9028295878917887
543f1649,3.6984709009622367
544bf58f,4.713793082471117
5461650e,4.630705213768174
54687e6e,3.7636124648630416
5484cf05,4.885588271175481
54b21b6c,4.3617841956156544
54be5170,4.579981927983948
54c04585,2.4964940467060344
54e4b9ea,2.2176540406936036
54fa76a8,4.119987991638875
54fb4afe,2.586720080075576
54ffe46e,4.305418617003804
55203483,2.4448353776032676
55803c82,5.239713124348093
55850677,4.942799431092385
55850b72,2.3759180976601826
5590d775,4.2185895705266585
55c47563,2.7993293920901037
55c964af,3.5791186411796296
55e10d59,4.089568386745791
55e74440,3.7847894702260922
55e7ce9c,2.374809070564548
561640d2,4.802063566354855
56172efb,3.137326385627741
56464b89,3.7089075249167807
56586ecf,4.322399034120146
568ceeb6,4.007872526150038
569d8062,2.6641914324360285
56c2c82f,2.6511185760329816
573a489e,3.3597307217607475
574837f4,2.5603487381843677
575c5872,3.7362086451796612
576e9414,2.5063244325017235
577a6280,3.5856068245464807
57cf7d76,2.212169553159574
57de9e7c,2.7886761739601695
57e59a7e,4.411909974422058
581eaf19,3.0188127176596087
5823d883,3.5431162519613593
582dbb0e,4.4621766993764815
58b8feff,3.617812141354464
58e307a8,1.787764604025472
59247531,2.8336076009591302
592852fc,3.7007816397606432
59391c3d,3.9102591075264375
593e705f,4.611359086168999
594c2957,3.9936314390391696
596d2b93,5.16667053473602
59b1303d,5.2612615648251015
59b922be,3.9357743409246724
5a3f0d07,1.8120062154253962
5a685b17,2.5120589822651813
5a7d2bb0,2.633153252700298
5a841dce,2.602542295707941
5ab35d62,4.312309153435376
5afe1846,4.357998927137298
5b3282ec,3.6635887817140897
5b3d816d,3.7109304246918087
5b45d605,3.6870882104752334
5b684c92,4.374178454398543
5ba1bddf,4.8533766436962456
5bb0af01,3.450305314455719
5c16af37,3.85094019451701
5c1ba571,4.743546721082725
5c3ee912,5.429669559906657
5c423ef1,3.1289284677232896
5c547ccd,3.3061997436622392
5c565da6,3.6929071800484934
5c5e3889,4.351794797797797
5c80564f,4.734363692871993
5c8617f8,3.2513025435484098
5c88a769,2.2751991461868752
5c9487e2,4.378550938453536
5cd4e6be,4.385073050373817
5cd89d6a,2.68628704746438
5cdb9757,4.891074635767053
5d2dc268,3.3516653099550915
5d434b72,4.523316969206188
5d650af6,5.163372333192322
5dc57e61,2.340911799281906
5dd88533,3.631734530107047
5dfbc450,4.319955942830453
5e048ae3,2.6500371938545753
5e25026d,2.5541485419698344
5e39639b,3.310732710937208
5e462523,3.094171754303809
5e4e767b,1.1975754648135604
5e4eb9ba,3.601298854187371
5e53f74c,4.778875761218343
5e883233,3.7346445387832476
5e8a2513,3.7533153626045603
5ef5e32d,3.5001707397235875
5f130d67,3.2145763339975537
5f3386f6,3.4410610974865525
5f43564c,3.6904819934860553
5f54631b,4.06014383557914
5fa3bd8a,3.1285980031159304
5facee61,4.0052957973490235
5fe2840c,2.879279720535715
605bff4d,5.081401807046273
605e3a12,4.2134398176309675
607f216d,4.991931032645999
60824ff3,1.8502947002091867
60878b41,2.391088749763349
608ef9a0,2.8675651105373205
608fe7d3,4.98197258000525
60af525c,2.3333260296609066
60ca3cfa,3.6829794293529043
60d574e2,4.126161632877429
60d742c3,4.44722278384467
60f61b04,3.587693048446391
610914b9,3.6926880076024555
61185a3d,4.553346399805242
614a8c0f,3.9679534266911825
61702afd,5.010783390136211
6175e621,4.3172631761939115
61786648,4.788503456397708
61abc326,2.9644543893261726
61d03a51,3.3683672677300507
62161e96,2.5219390960057693
622068c5,4.553466694573295
6236e892,3.689655566466013
626ee149,4.605046714142656
629fdb77,2.893332224424559
62b9a12b,4.242175818429681
62bf4107,5.27087109762308
62c6cb18,3.9138349702710693
62cbed39,3.9351669061031176
62d9434c,2.6860088150426034
62ed5a31,2.459833478879238
62ff8c30,4.159871926463307
630300bc,4.07722457576766
631348ae,4.556080461105747
638c64e3,1.8654467516932765
63ab70f0,4.799450755897348
63af3002,4.007659355339997
63c5dd76,4.639541043593644
63dd84d5,4.71742536783803
641095b1,3.944163807725663
6436f0d3,3.8468791950959935
644ff57d,1.816106704881594
6465075b,3.7454118220305306
6467de45,5.01241863127543
647ca15e,4.424443270906274
64828dc1,4.0445833568956235
648b1906,3.4132843699174025
64caebbb,4.221007063212024
64cb3a25,3.1977803137139476
64d95b13,3.1657774305489457
64eeb50f,4.454328844935961
6500aba6,2.652689126101198
651f7d29,4.272020954069858
6538b8cf,3.4243746418445555
653f7b98,2.055104055953628
65796172,4.649911085481817
6589d702,4.47220350166002
65a890d9,3.012866881266863
65bbb7e3,2.520326772093883
65c2a095,2.227305242903907
65c324b3,3.118081035818141
65eb7e1b,4.164701724301368
661db0ca,3.7082095093254717
662073a3,3.030960756301487
6631dc3b,4.582269566728341
66327501,2.7084071384802098
663ac837,2.2900114739510053
6677ae29,3.4949764148313878
668c6f59,4.981199111721228
669691d8,2.556878132470784
66ae4f3e,3.3164710677611313
66b82d74,3.6435859166496964
66d4cce8,3.8695786042931117
66f386c7,4.760638091698151
66fed026,4.31674873804932
6714d1b2,3.600315288923617
67257172,3.975246406607298
6745808d,3.5036705900259086
6763136d,4.450040202808221
676c6618,3.6712089751629535
677a166f,2.4664047467085304
678869e4,3.051117941359341
67a3d9f5,4.515613153716177
67a685e2,4.247562325368368
67b5648f,4.304304981442568
67b7ca27,4.671495929271049
67c66245,3.3002868500303064
67c94b48,4.974250187668221
67d04f17,2.9049475987699114
680dffd0,3.9942682814168275
681a978c,4.176009317732727
6828d225,3.887319214584869
683c9557,4.457152941169099
684da01a,5.238332472583675
68628a31,4.505936731261283
68a3f911,2.987698641234165
68c4cbc9,3.8234149626078917
68d05594,2.7086101668900153
68df1430,3.4740784051712463
69021be9,2.8715906060979273
69080b17,4.980632755394007
69339761,4.3522314760361045
695bc6e7,4.8491846886355
696bafbf,2.5985170339556323
6978fb97,4.9690697858911586
69916fc0,3.591789581308215
69a3c3d6,3.272177395691673
69a9e639,3.9977485145660796
69ad66d7,3.831862117925932
69ce169c,2.7544252407545122
69e5114e,4.237092643580205
69f2c884,4.019645863990229
6a3c4a0e,3.335584154839225
6a4643be,4.1496173191247365
6a46d751,1.9783013751323242
6a5a9898,4.697305337032329
6a9ac8e8,3.1374172335961257
6a9cd990,4.460620492182099
6aa4881d,3.764700078758051
6ab3708b,2.845080277833514
6af21917,4.395636427987361
6b0cfb58,3.787640392150333
6b2a1937,4.496044279380278
6be795f6,4.200594319245065
6c032912,2.829420547304481
6c307cb1,4.2419881716904015
6c446516,4.0589157308664525
6c46059e,4.177865096110407
6c5db560,3.801847501630017
6c6a19c5,3.6018510609505707
6c710d22,2.179376442179434
6c77e200,5.193287212853571
6c8526c6,3.7856574489106616
6c9a74d0,1.5429441543653075
6cc023d7,3.863642648369066
6cc7b04e,3.96011538545173
6cdd4903,4.334814643326293
6ce7454e,3.6184382732202884
6d008b60,3.5741896869018857
6d1405de,4.189845077080539
6d1c240b,4.002282367053758
6d362b88,3.05677238148892
6d4bf9e0,4.070613139223668
6d75a372,2.0018236571094454
6d84447a,3.5691065121988137
6d9627c5,3.3917043435526506
6dcd250a,4.134505768653496
6ddee6b9,2.2497600955117734
6df4063e,3.9511412868290097
6df4bb12,3.6137625909723012
6e00ad5f,4.20398184046768
6e1048f2,1.6136059773597986
6e3ff2ce,2.8265699534290953
6e47a75b,3.7855886399214893
6e4d4a28,2.5934875796034427
6e561dc9,3.9218318602257276
6e701071,3.7200225343073305
6e958656,4.579328624297719
6eddf669,3.2782634693396586
6f39a6e9,4.851664497299792
6f54beab,3.563570282722322
6f6fb596,2.2078740044142706
6f86bf79,3.9524002379722787
6f973b44,3.6942089324477965
6faf0075,4.3710949667448045
6fc3a54e,4.505162228569585
6fe9a213,4.8933448948944545
6feba041,4.601152026066217
6ff9eeed,2.8908722542002883
702810ac,2.711243359968852
7073cd1e,2.8448768131688276
70985ac3,4.955902245961743
70ba8d67,3.5585563782726974
70ff714a,3.966837968216183
7173050a,3.0362226313770364
718c0f7d,2.5075668504889306
719ed6e1,2.334278263505875
71a6cdc5,3.4340005666957456
71d647bf,4.032127853136491
71f872ee,2.3108567611370874
720db86b,4.702132831621225
72135c44,4.3147113027737705
72298d29,4.093975545745632
7251481e,4.686769432887775
7256a238,1.9244192721954432
7257c0ab,3.8293809573205215
726c884c,4.371100113132779
729dd832,2.711822874139074
72e1c38c,2.6078812446907937
7313113c,4.505848740079191
731c3f6b,3.852357861031088
73340766,2.771616996650604
73604dc8,2.50642424313174
738c8c99,5.191294384994011
73a14f64,3.5375045904658737
73b357f7,5.30136682654016
7400383b,3.318626192428332
742537ba,3.4857889803053075
7425b7e1,4.148181307135965
745e60f2,5.322541682260237
74629ec4,5.040816788354793
7476e3b2,3.7802966004271146
74b04381,4.473208146173492
74c48d94,3.8340292332981005
750a018c,4.058209763584897
752dee76,3.683432879212036
753959f8,2.981890543766156
753c6d04,4.297421837160737
754646df,2.343918710036049
755df972,4.470268140611
7569b6be,2.461535731548902
7570a831,3.710137033777827
759ddfd8,3.6376349262379346
75b4ab26,4.697811212630533
75c62f9c,3.270575050795099
75cf2c31,4.503398211490756
75f9383c,3.8538232168969264
76326c8b,3.673732640266213
76704f26,3.6669789964976665
76753317,2.677154166105576
7680b21a,4.976776229492216
76b79ef0,5.269548340533194
76e1fcc1,4.0691280311934275
76e669d8,3.2012366610101277
76faf752,2.7430132319723253
77021ea3,2.6519792365399204
7727ae8e,4.407887736407526
774a64f4,4.209464942653795
77673a2e,4.096668254405978
7777fbbf,4.653962042378821
777c03e6,3.4056311165691193
77954073,4.006481316941033
77a4e4b4,4.545088016428783
77bd26b6,3.621153531807449
77e2b5fd,5.065575860879156
77e45980,4.710462964388254
77f85738,4.354278070940909
7812d152,3.217600526286779
781d2597,3.8758818989710844
78421e70,3.1496143236232275
78721869,3.4467201987814664
7872ee7f,4.748142855328046
78c8474d,3.893257046042396
78e1f60f,3.457565078034853
78e8d984,2.469207132239655
78f131a5,4.9319957101792475
79063968,4.023940867850757
7911e416,3.8236838891941862
791be024,4.10036921801435
793e5089,3.934688574688773
7966d52a,2.304472674391929
79706890,3.2889184330070385
79749297,3.161422387989103
7992872a,3.3468407401574622
79bcc2de,2.3080015558410385
79e96d1d,3.4944589326684796
79ee2112,2.405570614542007
79f540d1,4.956040844577601
79f66976,4.515433317171517
79fff502,3.1583275005300115
7a17e218,4.586555110856395
7a1fa8a8,3.4233170875757892
7a4d1680,4.123648184150627
7a5402f9,3.4338892550042033
7a69dc57,4.176741191295291
7a8eb928,3.6004657134495353
7ad93a2e,4.273835896594268
7af8d365,3.7578370880609953
7b099747,4.859432038449483
7b1c6fc7,2.6387407521283297
7b3dc2f8,4.009372111891578
7b4bf487,3.922166113198814
7b6d6bb4,5.099943112113678
7b81babb,4.794841540784231
7b8d98bd,4.448118591217446
7b950047,4.120105097643465
7b9c67dd,3.1305296188928184
7ba082b4,4.36626569139901
7bb736ae,3.520657798537853
7bc81b84,4.409224965830675
7be4f0ec,3.9138441156952988
7bf0df3f,4.367807853833052
7c0c1b5f,2.4217550449655914
7c199fb1,4.090622992997826
7c29b41e,3.2275508328122524
7c2af42c,3.188479297625145
7c6fb927,4.1791028304458235
7c793f53,4.253512471736459
7c9dbe4b,4.988080275308718
7c9f0b7c,4.84702143551662
7d0a6bd7,3.5342253415073643
7d2a1b67,5.027152383226037
7d9f3b3d,4.464897697749035
7de7c09f,3.5700790682908816
7dff0acd,1.479137288937352
7e17c4f0,2.454880076476833
7e1f014d,3.8431949805127577
7e3030a4,3.941384137401131
7e3237fa,4.155297948468372
7e6cde77,2.1391671703946997
7e944bd0,1.5620403491877475
7eac4ad6,3.7876502175161475
7f0406a6,2.0212478612428684
7f1703d0,5.0072343120925495
7f485095,4.304023691573143
7f4ac329,4.377341448473315
7f5ca0a9,3.291777407324733
7f84e67b,3.863849183011279
7fb70c6f,3.6873316407566996
7ff74c9d,4.439529587336822
80204e4f,4.159298603471968
8028b942,3.3602468544222552
80567e1e,2.7402277755528375
807c822a,5.114136042880695
808abe75,4.495465487877841
80c8e829,2.712931448738474
811373e1,4.564111407928484
81264ebf,4.122588537108506
8159527a,3.3858813628671784
817c9789,4.581458089431202
81a74596,4.188415729758851
81a86064,3.187072591570048
81bc89d3,5.047718626980271
81ccdcfd,4.279198468016287
81cee31b,2.742217153588377
81f5c2d4,5.187678944600628
8204c891,1.4997896159085642
820bcf42,4.46775929657218
82496b31,4.510215625533785
824be298,3.773748879678373
824f263a,4.416950222793218
8253f526,4.662914840831389
8268b1e9,4.525035008394517
827b7d94,3.564077439183173
828b9335,5.418716386764475
82940d15,4.049590843799625
8294f230,2.7930223791712496
829523e8,3.325316439128921
83184f73,2.599267241310116
831d0606,3.708777220309288
831f7758,3.676962244697973
8325eeb2,4.234436103734495
83588b63,3.3788024589967445
835c845d,3.280761769023105
8385a336,4.227963168850454
8387640c,3.8075294291503305
8389a706,3.67622864905371
8389bb25,3.853999180103428
83977519,4.324752274656207
83ad0a4b,4.073632746766602
83b04f27,5.059888752363741
83b16bab,4.79965145163044
83b171ba,4.962650620463347
83b2b54f,2.9055649486440167
8404b53a,2.5523214415278654
840c0b4c,3.3114296651278274
84183990,3.974683465121792
84221545,5.103414504928985
842d59a3,3.662075915507744
844e1ce7,3.4156712048756397
8455fb45,3.9221453700519446
845cce85,3.4393604767256263
846d9750,3.0661680577164248
8492481c,3.4030346811262966
84957285,3.147796653839915
84965efe,4.727932295746714
84c3dd82,2.084769820683939
84da500a,3.7259959794036694
84e444cd,5.053840883211859
85003a37,3.9722531279051165
85133702,3.561146729650716
852aa24b,3.535793961356881
852fc430,3.1102726621519423
853a8fab,3.4009451168659437
857db4b3,5.173289363178472
8581a825,4.291825465080453
8581c428,5.244028141555451
858a7bb6,3.9135586868981593
859774e5,3.506053407686021
85c87a30,3.129302484886031
8626c32b,3.43908073894322
862a9560,4.068135816810516
863dc6f9,3.804248745271653
864ca8af,2.3104830629611537
865a9203,2.761928933592538
869a7835,3.1567254999854013
86c1dce0,3.6775759023246097
86ca6cba,3.638497836368854
86e05a78,5.25830625008806
87211b93,3.907116143554241
8732df65,3.608127806589325
873e7f98,2.5576729796805004
874464a1,5.092041783856768
874e6c1a,2.723911780048791
875aceae,4.208084537072394
87766dff,2.85662644705547
877780f2,2.838825111218682
87e2154e,3.62686910455515
881c395d,2.2899624035590436
888feeaa,3.742501002811723
88a4f82a,1.5928803318780709
88b4e5ea,4.0642938175294
88c152c8,4.149284313826538
88e4475d,2.1287231386958547
8908c597,3.3911237907254352
89190107,2.6095223073935907
89353044,4.407319605858746
896e987e,3.0481074156006924
897b3f73,2.6582804994499942
898d3ee7,4.407138592926761
899852bc,4.07618545902186
89a23b9b,4.91981256491105
89dba3b6,1.8479583638147266
89e03572,3.424496342806874
8a021954,2.2944006638465266
8a1aeb3a,3.5572873865538868
8a59c454,4.5631844545124185
8a8c1ea2,4.376525157565713
8a9500e8,3.1053773727920038
8ac53c4e,2.368286914485487
8ac62347,4.049098626585621
8adb949f,2.45538241826804
8aec3af2,4.104390984849764
8b49c436,2.8578246168899035
8b59f324,4.53886218178872
8b5a06a2,4.080016366477725
8b74c1d4,2.5796500107663167
8b880106,3.7862471163919613
8b8f360d,4.4304345169145405
8bcbe7d7,3.9677329854105605
8bcd94be,3.9154676308096406
8bd44fe3,3.90228634260261
8c58e2db,3.5333966482873085
8c5963fb,2.628077570986058
8c5ed7da,2.67650361850797
8c8d7083,4.171502819520895
8c8dfd2f,3.8402615944600553
8ce43664,2.8362248324929404
8cf555a8,4.248528320327591
8cfa9f8a,4.627024630985251
8cfca527,4.77338195602271
8d1268dc,4.048699522563582
8d14d8fa,3.238910473006876
8d3b6795,4.4706017447285635
8d903f39,4.738132062157678
8daafc96,3.921508197440361
8db72601,5.433894397773193
8dffc9eb,2.995901096703732
8e3e91d8,3.8770338090631418
8e4e584c,3.561712781321438
8e5a0aed,4.120894521156977
8e7ddf0f,3.699926912925383
8e884143,4.053226912178212
8eafea92,4.255751830596957
8ec38d5b,3.7918056675700815
8ee8c46c,1.8567529132003162
8eec804b,4.4444284951569655
8ef881b4,3.7990790487275
8efb813b,4.592570802861358
8efca562,3.2535982347310926
8f05fb9e,3.6818305221747076
8f126cea,3.94184077004474
8f157bd6,2.477485435951969
8f72687a,2.6300258428418757
8f92a24d,4.283797767908847
8f9c0813,3.6152617964178115
8fbd833d,3.267053315444571
8fbd8fb3,3.8595619052589596
8fcb57ae,4.61050136659186
8fdc8601,3.4731086617153246
8feba1fd,3.481920950524581
8ff8bf8a,2.9470908101396907
8fffe644,3.57439545569412
9022e4d4,3.014744576768686
90269dde,4.032799744314798
90295028,4.892966593014281
9034ff83,4.868143062550558
9048481a,1.631411603991998
9059cc2e,4.023836895063273
9060dbf2,3.917688240662301
9061574e,2.1573007455650774
90911337,4.597707010821255
909354fd,3.226390806954057
90b4a05d,4.211900652760108
9116f319,3.7713209411547965
911a0eed,4.026134499303808
91298a75,3.1498206218379647
91849925,4.921799893847665
918a665d,2.725141085543559
92122c61,4.4731131340013235
9238a345,1.5761543724748341
923ca962,4.114299265728804
9259b9ef,3.870379607402675
929b792b,4.230477021735294
92aedf7d,3.1188196475271206
93254e05,3.091565086735177
93274056,4.284016043019403
932df7b4,3.5700204558706683
93348ad7,4.75353737338747
9347ef4c,2.574061103844744
934d3907,5.07249481640288
935529e4,3.8264369691836286
9387663a,1.6176255101252222
93e42795,4.8002920158987505
93eb72ae,5.114181193747551
945ef4cd,2.4743562126658585
946479b3,2.882118917614251
9482dac7,2.3381782357093175
949b4349,2.5731347800308084
94dc3440,3.216612364480887
94dc4f03,3.5126510457618916
94f762ff,4.873854791366317
954b0e6c,3.2456596466522245
95539d95,3.6420102414609463
955e30d1,3.4024806728211985
955ea377,4.559718373277934
95acfe17,1.6319654409512758
95bae1f0,4.811485349799228
95c6b90e,3.8405836963878683
95d8de34,3.370065290195631
960d5df5,4.684836536121969
963b9bc1,4.077864846546007
9654cf12,5.2239072124048365
967a0499,3.5027077025821125
96bb51b6,4.126509008482946
96d0af80,3.732573994956583
96d5d232,4.207680956548306
96d9d49e,3.684275821658899
96e4825f,4.490363260633808
96efda3b,2.7224081931121407
96ff9891,2.9069786063949743
972581fa,2.311750770164864
978aa7a7,3.5815035367324786
9790b0fa,4.7575734326055725
979e6e7e,3.666652535262265
97bb1cdc,2.2571663823576076
97dcb8b2,4.406016682113694
98058f5d,4.741372811618335
9824217b,2.3695578722657626
986b594d,3.2688235721499566
98e0b921,4.38435718169293
98ea47d5,3.3664790384919754
99067006,3.692843217937823
99087dfb,3.357513576192453
991029d7,3.531056475143803
991b0a60,3.471849154636021
9923f86b,4.705937905407176
9943adf2,3.3830500898080547
9944b4c5,2.9882726300215015
994c1a12,3.887017281938664
994f202a,3.3247324543072083
995c445c,4.151722161045316
995e2389,4.076662282970903
999246d1,3.2877677637215625
9999c95a,1.867903458051345
99d9c99c,3.673174689574714
9a2ed914,5.272869182608389
9a6032c9,4.857356441098721
9a66339b,4.762799575512253
9a89a9bd,2.6248322539880786
9ab68076,3.064088640685962
9ad6f093,2.6247200210967594
9af2bc7c,5.077525474223336
9af83860,4.4807711288308445
9b1f39a7,4.16370860579011
9b3a64d9,4.5986251371962945
9bb707cb,2.8975047222500097
9bc6e6cc,2.8480489640173294
9c4404a6,3.0613776130660297
9c4627b3,2.3649157451259972
9c505fff,4.303542361554164
9c5131cf,3.2668638065653273
9c54b5a8,4.408124650156717
9c656e73,3.568918452752305
9c7ff6de,4.061662680920542
9c9c6e1a,3.9474535585713157
9cc84e1b,4.233466383332234
9cd00d22,4.280891041117779
9cd5ac07,4.0038357691577335
9cdeaac5,3.9276405679542545
9ce1a51f,4.0397068387253094
9ce5e4cf,3.367072025201437
9cfb112b,5.100966425824077
9d239d44,3.680958979331263
9d5dd931,4.270991379067266
9d8254bc,4.344273479679761
9d8ba1be,4.260399616206856
9d962f39,3.1971051121776433
9dad44fc,3.9803187790084986
9e0b8121,4.869486147640882
9e5e1401,3.5327052698448136
9e9cc5e4,3.977473981272496
9eab51f8,4.449815546228237
9eba326c,5.102945064063821
9ecddd96,4.072355144298272
9ed9b275,3.666409683055739
9ee392eb,4.040751578904233
9eed1c32,2.3335690471592847
9f1c3e52,4.4886664582826805
9f328eb3,5.110719171362857
9f3cc888,2.3574581092877054
9f409102,2.5830391488512365
9f61160b,1.9706266843468847
9f62a5e5,4.717409278823517
9f8143a9,5.388273538674055
9f9b0a0e,4.024779357375416
9fa0f5fd,3.3640032912302003
9fae8916,3.9846805584320077
9fd69131,4.87656068228383
9fe6fde8,3.535076600660666
9fecf3dc,4.46112160807283
a0227a21,4.128913904131259
a026a4ed,4.3601909654862085
a04a32c3,3.873956082881398
a04c2d05,2.8787906367344287
a0712779,3.6586739650069906
a07292a9,4.147566906120627
a0940781,4.451757857641853
a0c24719,4.195229702047738
a0d550f4,4.542151493048615
a0dd8c5d,4.0680467078572375
a0eaf617,4.316255409466823
a0f341e3,5.59085470180412
a0fa9e98,4.358878494997169
a117f778,2.1463570849858074
a134dd29,3.2491749071979825
a13e3a1d,3.1279203172927468
a18d1dce,3.762792375314009
a1a579b8,5.293136105779921
a1a879ad,2.2786149932456254
a1e5c00a,4.234292935446742
a2212ea2,2.3462795096885687
a24677fb,2.222327013270708
a265f6b2,5.00579426412411
a278e3e3,4.72423636694259
a294b044,2.625735952634736
a2b991c4,4.43682225116451
a2f924cd,4.344177883543259
a2fea92f,2.6255472989530055
a3002e51,3.0334470048863933
a3020d40,4.049843435765364
a3417adb,3.5646407556267707
a350cdb0,3.443029197555012
a39139ca,3.1214351218788194
a394eb72,2.3346905755961864
a399ebf0,4.36138155695156
a39a142d,4.423179404538537
a3dd84d1,4.420773351322307
a3e3f8d7,4.681611512176757
a4050889,3.410609311763855
a42ed34a,4.193030244974047
a4343828,2.7744138871276034
a435ad82,4.453956443059068
a44e2223,3.6777808301003154
a466bdbd,2.1732742149482505
a4786db7,4.35832070130914
a48809ed,3.1884208782745223
a4c28de8,4.935582950439197
a4dc3a53,3.2368756020190905
a4e91a31,4.1511377223516766
a4eed006,2.227078514703125
a5082dd5,2.1716950230737377
a50ad9b8,2.2328191531748676
a5535728,4.1222272280403
a557363c,3.4661032666553773
a5593c54,3.3079387924851114
a573979a,4.5296424220698
a581dbff,3.553472087399191
a5c7e939,3.9608699142891273
a5d219a7,4.465392026719371
a5dc9ae4,1.7668189032871318
a5faf0da,3.0398809751152838
a60740b8,1.649332872786336
a60f97e1,3.506678760802638
a65c30f2,4.031868282987033
a67d7333,4.747419452135059
a68438f2,4.128234701172735
a6a84700,4.998926495371475
a6cc9c6a,3.2995912881154013
a6d05bf8,2.610643441110496
a6d7b342,3.752985050312758
a6d90b13,1.8552617747539935
a6f785ed,2.5423976262219066
a709392d,3.9064913446180656
a72a8eb5,4.1144267215817845
a73f2eb3,4.465035904089486
a74a8557,4.125285046184404
a74f7d18,4.558070683284636
a753ded2,4.383841976024892
a7621aff,2.51765369459217
a767196b,4.7387079118116695
a7675a7c,4.461656083726763
a799eaec,3.349446012875872
a7a31aa3,3.846483722371666
a7caa6c5,3.5035954059597536
a7df9886,3.7238759627786844
a7e9121d,3.9227064151335855
a814c646,4.165872011687355
a8219621,3.8036466581575374
a83ed2ea,1.7666908068540148
a8a44b19,3.04764243053635
a95eb2f8,3.2566307609688137
a96dc180,5.088299390244715
a978dd26,3.6425580332323135
a9be88ec,4.004044169399803
a9cab2af,4.815222630675209
a9f538e2,4.888108358724342
a9fd5db1,4.753419958424908
aa052ff5,5.4367438938332535
aa46b040,2.2408678497082266
aa482fd9,2.405915148658585
aa6238d4,4.273228930870253
aa7fe2fd,4.15500448822948
aabc948f,4.972660260510444
aac5ac07,3.565646616516989
aae3f491,3.8196091501288274
aaf07101,5.139543338662248
ab02baf8,2.578767543911161
ab0a3132,4.837463681676758
ab101095,3.309090063109239
ab38c3d6,4.683031458728461
ab888941,3.213662107984629
ab94ff28,4.254130573208144
ab975e22,2.5579222782776982
abac6041,4.615615860694327
abb84da9,4.078576620807605
abdcad90,2.752913366762056
abffaa47,4.112538477393647
ac035e08,4.837372464094757
ac509b72,3.663135510236028
ac558e55,2.9370573515281433
ac63a9eb,3.4284862975360646
ac6e670a,2.4620238806486743
ac71d377,4.61721035296247
ac9e81f6,3.9089456110010503
acaf840f,5.179619260692195
ace0ee61,4.342578620424412
ad04a619,2.221675646286259
ad074ea8,4.403820948045999
ad54385b,3.620079823422346
ad5f7cbb,4.439258838165756
ad8bba1d,3.3928484437035458
ad8f2b1e,4.814352894402321
ad929a5c,3.4770060098603595
adb9eb41,4.311794716466155
adc30d84,4.258631091887675
adfa3eeb,2.0016264247176574
ae1d4355,4.9984240487116365
ae2e45f2,3.95012510115082
ae3aac7e,5.2550208872280955
ae424507,3.1519565677559966
ae6319cf,2.8767486930800934
ae72372e,3.9396723619961427
ae9a4021,2.481766428577852
aeba6ea3,3.646003935114345
aece6ae8,4.161045464543554
aed269c6,3.673398198426236
aedc273c,3.5351158850501365
aef3e7db,4.31911927989925
af2374f2,2.308672386443256
af4080f5,4.481179226620356
af413996,3.6399104625550183
af6b9c48,4.673313602763453
afb37127,3.987189981980044
afc07c28,4.181858664871369
b0127418,2.798369852593045
b027df85,3.3874284468363487
b050b765,2.0518322772871107
b0549c3f,4.768820797111592
b05c3e6f,2.413566152196187
b0889ee9,4.135046701080676
b09dfe31,3.5010220104659378
b0c331fc,4.587705796031894
b0c5d223,4.5640024414084035
b0deada8,3.5611016811771727
b0f15494,4.423030819661521
b0fa5a71,4.4508926652374505
b0fad85d,2.45538087495988
b10b4664,2.7036902953546305
b10c5326,3.9942232609756463
b10e093c,3.7845281766706664
b11e1fdc,3.2575516803959754
b1301f27,4.399275062982688
b1560018,2.7350328654788485
b160b3e7,4.831254020543228
b1789fc6,2.8561814153821192
b1b8d3b7,4.380011632889211
b20bd1f8,3.428259024783309
b2363d6e,2.172638867567429
b24d05d3,3.051866785615109
b2688a58,4.574062850509309
b26c5a3c,4.439784672381033
b26fe420,4.955827040252601
b27d8477,2.55642977367269
b2971bf2,2.6105746491119386
b2ab8661,3.4262677194157543
b2c410b3,3.4706097917416394
b2f436ad,3.3872319644529916
b2fd3a2f,2.7011296890011307
b3027b38,3.341917728613992
b3b3bb98,2.1710330021170794
b3b622d0,2.3519312595088153
b3cebc3a,4.5725617144028945
b3ea4e9f,3.2775777240039683
b4173b4d,4.112653634511979
b4387780,2.936869025567413
b44f2f34,4.422465446781565
b450b853,3.358133829544922
b45dc3dd,3.243076050587755
b475c8d9,2.78470517590587
b4834b77,4.110097236712285
b4854bfa,4.466923010015266
b4982a8b,2.6455748855060137
b4988628,4.159461234161259
b4a02288,4.470038471273342
b4af5817,4.364889267451396
b4ce3f66,4.47270042431259
b4e5001b,3.4252114632300588
b4e8eaad,1.6691539867297005
b50a2dcc,2.7233698169533302
b515a0d5,5.213792436830159
b52822bc,4.2604616240630575
b5285c39,2.822685974121345
b55ef091,3.312209117506348
b5663b2f,3.609610719982602
b5665442,3.4473673180128537
b595fa14,3.8051700479597224
b5a82ead,2.3827060312945028
b5bb3bdd,4.848902047932296
b5c46740,4.117303181672838
b5d6e867,3.147459071981264
b5e75668,4.874487030616226
b5f258f5,2.7697031850949725
b602f375,3.1949499370557173
b60d831a,4.13632000502028
b61221f1,2.8000795779915784
b622ff3b,3.460817639254181
b62db875,4.173220829825708
b6338670,2.323447198145126
b645da5e,4.730499787147297
b6490565,4.7101714378481185
b66bdcfe,2.9166748812474257
b691afc2,3.9388021216529077
b6e9986f,2.752265428809885
b6f4754b,2.586741277746911
b6fd25a0,4.543161315717127
b732c6e2,3.722903592846599
b73648cf,3.6148519500804164
b77b9b81,3.687762376654701
b7c571ee,3.07087443108278
b7ec8513,3.238401120681356
b7fb66d1,4.750045708175822
b7fc4438,2.3547102671985125
b8091db4,2.538899746725013
b80eb117,4.824123706815803
b816ee8e,2.686758223094983
b826ca8d,3.870035176557733
b837ce71,5.076015309944868
b8411b14,3.681019349909141
b89440ab,4.946428681488041
b8a857fc,4.136378021967954
b8da9bf0,4.228592479869525
b8e78e0c,3.4432633058094058
b9203e25,2.9397231635531815
b95dd47c,3.196942591440659
b9828b29,4.071428004678191
b9844961,5.249248401257783
b98b17d6,3.661450470163224
b9a0fbbd,4.489171115236815
b9b2a2f4,4.853825455917866
b9cec20e,2.510194360365179
b9f1915c,3.7912869945470224
b9f90ada,4.973729792274723
ba001912,2.811418381983205
ba50b90e,4.104586716436491
ba66fe73,4.667723863537928
ba81e7d8,3.411022779642206
ba9f465d,3.3982954107496806
bab8c2fd,4.6169549865823125
bad1245c,3.473659452929344
bae51194,4.147446370210355
baf60693,2.5129445948683187
bb43afb0,4.148040187803519
bb44a6bc,3.991845258102313
bb5c6a9c,2.856482183284677
bb6bbd4d,4.914773014822498
bb6e5cdd,2.7878438865574378
bb87c079,3.3783278854227246
bb948343,3.6012989359059446
bb955a8a,3.439931678166974
bba7026d,4.08333783887279
bbcfe929,2.933632165335354
bbd06342,2.825109915555825
bc116d20,4.1610406979152454
bc119fba,2.7584251885361866
bc3da4ab,4.0951220931202625
bc945fbf,4.042535491893207
bc9cded6,3.7854184726121174
bcabf34b,3.9130887240676886
bcfa471b,3.2744541008679064
bd0baef9,3.4903154664049003
bd487e77,2.6648667799272134
bd5d30d6,3.959060669218515
bd75ded1,3.8954140950450262
bd84b2a6,3.8055480317620134
bd8a6fd8,4.212751598583374
bd9f68a9,4.690010660382084
bdff8fd1,2.866257698516788
be0d803b,4.801482118143657
be2130ad,3.2568958706259767
be243d18,4.295230644618807
be24dd5d,2.998813499021816
be3bccf5,3.5280819704601667
be43ca0e,3.037167495973329
be97e03c,3.6670839488195246
be9834a2,3.554608605244413
bec6434b,2.652679023145488
bed8741c,2.6747177979238206
bee6e87b,3.341448459074367
bf1a04b1,3.708307139789748
bf2311b3,3.0532298880342306
bf68655a,3.70760717220408
bf8740c6,3.155849628293732
bfba4fa3,3.782976170982961
bfc85aa5,1.5685454859798909
bff32927,3.263817856109217
c040902a,4.088361553188691
c04413fc,3.2126132590581644
c08cd65e,4.6676469131798175
c08e1863,4.121164157737946
c0adeba4,3.595304049627574
c0b955dd,3.371916429408533
c0e6ca6b,4.6687894512534225
c0f07a4f,3.7726592497124116
c15c5250,5.298566560968772
c17fc5cc,4.245826908290179
c196d8cc,3.526292302050105
c1af64b6,4.272529443770429
c1f8f0b2,2.495600726207528
c20c5287,4.79315690331697
c20ea620,3.3980812061116685
c238b433,4.516643857923206
c242ceb5,3.4752758313077825
c2528e34,3.483070827545163
c2d522ff,3.004782636739638
c33c336d,4.766323119773581
c346b379,4.242350010587181
c346bdb6,3.3489867840627356
c3663a2d,1.9188098223088814
c38f2d4d,2.328715812727316
c39065b4,4.120490041463685
c399c1f2,3.7995644061944085
c3ad7780,4.497268293294261
c3b8c500,2.435310439095658
c3eaeb5a,5.315725599121144
c461f7de,3.573957396299094
c493eeee,4.497103571964044
c4999554,4.751514764877004
c4a77eaa,3.9610864414455915
c4af026d,4.604323197295028
c4e06186,2.4744100346098814
c4e2e556,3.5656743058822378
c4f04c1c,5.321695445327425
c5153bc2,2.8583992613818063
c5251ab9,2.5930498585659856
c5269039,2.836504771099953
c531a2f0,3.750220205420046
c56d8755,4.199771087929808
c5a1232f,4.296577216968631
c5a5af30,1.930444353764541
c5a838d6,2.4459561974773427
c5b40058,3.9612856962504135
c5e2fee8,3.0491631902287093
c5f593d9,3.563121974902042
c61c1a63,4.623216233253721
c62c21e9,5.047625155092083
c638e8c7,3.7645573572612903
c647d68a,2.907042406009843
c67feed7,2.4022017865151297
c6afddaf,5.345634136180084
c71dad9e,4.865238191210583
c71ed9a5,4.475860632507485
c72b96b8,4.702775214697307
c7814d19,2.8704473839619147
c7a04443,3.9660790998803677
c7aa7765,2.639921026561657
c7ab0e41,2.082764277668603
c7df6572,4.169587530170552
c82db6d5,4.851083362735765
c8307cea,3.9977846942479456
c835095e,2.7642120290754697
c83841f1,4.435469459150729
c83ed380,4.403088743852892
c840a064,4.83337591559884
c840de1b,3.818870946210186
c8423c56,5.106854350129007
c847f16b,4.843743342554187
c859a904,4.234379273541712
c87d17f0,4.800084332381264
c89ac493,3.995572097258797
c8c53117,3.03797748185853
c8cf48a3,4.868492957152492
c90ab478,3.3674642801947683
c92c1620,3.3118321391908006
c93dd35a,4.958695756620146
c97768c9,3.3004819017517777
c977bb83,3.4236944815949872
c99b9b37,2.8463176555034417
c9a405c8,1.9482156603744167
c9a8cb6d,3.533132799951666
c9b98881,4.918164440749551
c9be0189,1.8786558189145655
ca06574b,3.5669793358192674
ca1feec3,4.3085451525461025
ca2405e7,3.6218806301427744
ca6a1c11,4.81054632742158
ca8efe6c,2.154870538065744
caad8079,4.934030573127149
cacb78cd,3.153442631566869
cadd65c0,3.8140417469141403
cb24e2f0,4.7609178076648515
cb32aa46,4.547197842282497
cb36a061,2.45217210723509
cb457e17,3.5708248106314544
cb4a7d8f,4.6751251870667065
cb50ac2c,3.402968540712232
cb77daae,4.09744596859849
cb9a228f,4.401380851796134
cb9b9540,5.394253207965099
cbb77909,3.0793494128080585
cbe4e3c6,4.246416966014415
cbeb2be7,3.87999828340943
cbf1f147,3.8106436692262675
cbf9bdd8,2.9799589945518146
cc32b9e5,3.875357563712253
cc68b81d,4.293338264812048
cc6a4840,4.40432324325282
cc6fa8cc,4.694685246304236
cc8e37c2,3.997717242167601
cc8f245d,3.7845146766730005
cc951f16,3.4447237203270333
cc995d97,4.2208652514895855
ccab505f,4.28781031485366
ccbde4a9,2.967419010722883
cccaaf96,4.186915035878078
cccad129,3.477655677058052
cccdb12c,3.1447261524139924
ccce9f54,4.2537502310941795
ccdada4b,3.5221818232681676
cce585a7,5.1392997369603
cce5f122,3.8125892765661704
ccf38407,3.66607732511914
cd2202cd,4.902767996274991
cd64ed13,2.64223710792444
cd662b55,3.7973507951710666
cd7b9bb9,3.1668953409816036
cdc73008,2.560317089067678
cdc8a8ab,4.349338787329223
cdfbd31f,4.832943255466777
ce1c2031,4.750868026847663
ce40b2f6,4.131819768426664
ce47f41d,4.56427581041599
ce50f793,4.1053557501133575
ce64ef83,2.5512925249580793
ce6e839b,3.4844665034307822
ce778f36,2.4623586845083145
ce7f9d9d,4.6264058594333095
ce992a54,4.629757910340975
cea62464,3.6787564038845937
ceb42e8c,3.32319387662843
ceb6ad2a,3.869720486108913
cebb8af5,4.6438759759107615
cecc4d35,3.822524341005148
cee5b384,3.988264641818435
cefcca98,3.9326589415742728
cf4dd1df,2.3749005389230886
cf61512c,4.042674842850367
cf672aae,4.3598684426661976
cf7d95b9,3.909052347253373
cf8d1b80,3.4529757503155274
cfa1bea0,2.632628856307723
cffadd0d,2.769789782465505
cffc66a7,2.4641083595554343
d05cb8df,4.164920057688998
d05d4a14,2.9060985723103876
d06feb60,3.743204522164084
d0701348,3.5392808805073486
d0a7cd9c,2.9665072043557728
d0b3b26b,3.8070844609502483
d0d0ebea,1.7626909044906236
d0faae5c,4.020191501196074
d116c7f9,4.573275408870482
d11b9bb5,2.147566875352809
d121cbd5,3.4045818652772097
d1383522,3.296405876244825
d1798b5e,4.527376259012972
d192be1c,2.914485363257178
d1a0c0dc,2.3516041811925295
d1a5677c,3.929449831980038
d1ab01f9,3.853678909918851
d1bc66cd,3.9301231388366493
d1d79f42,3.9157521099913355
d1d8aa0c,3.6314618790449567
d1e7b103,3.566304448743257
d1ff3cd9,4.605027257041363
d204965c,2.6231624780463094
d27518b9,2.916025036478704
d2d0ebc3,5.094693834782123
d2d78025,3.9049322536866597
d2ec6dc6,1.4738925717860816
d34f0b65,2.278744263146717
d35975fa,2.868717834955833
d36ceae6,3.698150231672982
d3a0c370,5.0650883770693005
d3b9ecaa,3.0924438555105405
d3c36263,4.831098303114943
d3ee468d,3.6497793007318946
d3f97338,4.018925237793113
d3fef198,4.365978257892085
d4008a98,2.6297536661535146
d409864b,4.350964956590649
d413a5b5,3.5193399704621466
d4318fb6,3.9185025905783215
d4426124,4.422990328453397
d448b7cb,3.088514065442941
d454e7c7,3.1290844924266814
d4666900,3.472252285982186
d472cfd9,3.637061824802806
d47829b9,4.677290249583786
d49e21a4,2.7499074618437
d4af22cd,3.8737455854938507
d4cf6a41,4.2657011250609855
d4e208ac,3.741322694641215
d4fa47ec,4.372200449928881
d505f7c5,3.1985176736388317
d516e816,4.439281201397159
d5353eac,4.5852619501575935
d53e304e,4.494520621981974
d599928f,3.5036952261393677
d5af6725,3.186495492798792
d5c746df,3.501959315031777
d5e08535,2.6426835294327673
d5e3afb6,4.429796826776886
d5f419b5,4.178196269859225
d5fa21c0,2.934877057006587
d62d4366,2.4535121137928586
d641a64d,2.4172794671642377
d66ea1c0,3.3193195303762653
d6892916,4.181248418909274
d68f5377,3.2582673177712733
d6b3f0ee,3.509158182632308
d6c49842,3.404750532437161
d6c720ce,3.1604318318877453
d6e700e9,3.146884462923646
d7055c65,2.812676333032572
d70e1baa,3.367432418693685
d74d2c51,2.83708893391485
d7705d79,4.3003598952053865
d7871a2e,4.198382361563072
d791d36f,2.824357324254572
d7c03932,3.9768212371580787
d7c8a819,3.4493845235303753
d7c8ee51,5.357347224058562
d7d0eca0,3.6513367013685927
d7f0b1aa,4.841637814134731
d7f21d96,3.0011638414799955
d80ce807,3.9413330450317328
d84f0c52,3.639951965541616
d850861d,3.3758869520211365
d8612276,4.116396787812672
d86ac6c7,3.9038711209832995
d87acfcd,4.892858233117589
d87dea65,4.276957744427231
d8871360,4.407226014758599
d888ebb7,3.0572133537706576
d8a426e4,5.066274958536285
d8ad15e6,3.8075787914672805
d8bae9f7,4.524969155992004
d8d596a3,3.695470375174545
d8d897c8,4.527664303161004
d8e49913,3.801149384320152
d8e53b5b,2.292155834203878
d8edf05d,3.6608359563393877
d931029a,4.071467721483249
d93bd869,4.1960782741263545
d9474286,2.9881849905267246
d96b5156,2.462756072985826
d9a4b7a5,4.084976466255119
d9e2c66b,4.531967221474631
d9e9abae,4.695768849277541
d9fa0e75,4.884138903361984
d9fec26b,2.370385037791038
da5a554e,2.756960360708158
da6a74e8,3.0343177874104827
da70f502,4.3485624110261565
dac7fdac,3.0153303125239863
dad2b05b,3.362500071307287
dafae958,4.302344195872448
db1e3631,3.4560145641292483
db1f9df0,4.905850590442341
db50d9e3,4.507052807451216
db6c2876,4.249091961609924
db9b38e6,4.337456983089256
dbecb2a3,3.411382022361363
dbede377,4.040127677167838
dbee2b4e,3.997070601648068
dbf94a12,2.6644802289375478
dbf9a096,4.888355094387492
dc0d7869,4.285774683153345
dc57d9b0,2.907339777409945
dc7b3d6e,3.0805875583442996
dc844db4,4.402685974211201
dc90585d,3.3095233088825657
dcad9665,3.5197380531386977
dcb5cf49,4.49867761999197
dccf967f,4.010086691973088
dd219a5a,2.9509026697072804
dd22a7ca,2.08443596754148
dd3bce46,3.6515577403010546
dd3d1dd4,5.407723275614297
dd5994c0,4.236625571246262
dd75c2cc,4.854300029061143
dd88f370,3.1485834553654315
dd8a5352,5.09762885535838
ddacfa95,3.1923376546812228
ddd1ed83,2.389753681594634
dde9f6b7,3.467007999607071
ddec0a5b,3.6413349149915364
ddf1b15f,4.484842888846191
ddf35b9a,4.290232044347564
ddfffe1f,4.110122598659238
de18d343,4.371923418744255
de30215b,3.8240801116320347
de5a1b34,3.8960398623433288
de913853,4.292667713736832
de9d6b34,3.6732839292428707
deaac2a1,3.3213470635770825
deb9b876,4.115155581317286
debf5b3b,3.5796565341964426
dee20b45,3.3573189113554123
df20a55a,3.9492980675218172
df3055b0,3.8734252851492488
df4a52ad,4.204780722368387
df5bfb67,3.8378492512468094
df6f843d,3.962836971094982
df74824f,3.978736215883236
df949cee,3.2169134061855535
dfbc5b5e,4.737050476628196
dfcb3181,2.6014071803883705
dfcdeed7,2.3989997170696307
e01ec054,5.096798066796293
e0324663,4.118223205734756
e041a590,4.426099135403181
e0a304a1,4.747504219705219
e0ab02ae,3.0512825146752434
e0bacb1a,2.4745776197543132
e0bb8634,4.619740251907557
e0e3c14c,3.867938661058348
e10e1197,4.992172290202987
e123e09b,3.5541007322382656
e12a6ae7,2.406667864945674
e12b5946,3.7256215076830497
e12bc25d,3.5375971207711236
e14058f6,3.8741161450611425
e154a6f9,4.90154882857563
e1567295,3.10537650000603
e15f50bd,2.5032823692027373
e1a70d39,4.471360974258289
e1bd350e,3.552302900832568
e1f972d9,5.198788681960452
e2124c99,3.4666692117637576
e23bcdd3,4.331269534661122
e2618d09,4.996475562394734
e262beca,4.400883744792576
e29d58c4,5.117962802761666
e2afc02e,3.6692701757403032
e2bb43a4,2.945544597741895
e2db25a5,3.5322064140854734
e300eb0e,3.5692616899483633
e348267d,4.995211281235889
e3566589,4.198452931707195
e3cd380f,4.880969991411044
e3e0bc01,3.3724819236898123
e3f3f5ee,4.0479130121579905
e406a87e,2.1533917856151965
e419603f,3.572508455056068
e41e2d33,2.7558122762426462
e42b680c,2.6375581307435327
e4517d6a,3.013805431075374
e463cf46,4.267628325564863
e46dbd03,3.6739034237248878
e4721651,2.7632537995248776
e4898343,3.4870159019984106
e4acea6d,4.000624117448791
e519b7a4,3.14070251236384
e5246b48,3.5373956353153946
e5339ab7,4.686596888423039
e561571f,4.5378679206992905
e562b877,4.803754736270716
e5640ba4,3.09780129276278
e56c61cf,4.049127102204059
e58d9b29,4.7745600873785365
e593ac4f,3.337460516409563
e596b9ad,1.9162740590939331
e5b405e6,3.8641431512474185
e5d223c4,3.724292543085798
e5f12cf8,3.453499480266713
e5f9bc63,2.63686212923337
e606399f,4.204644517329657
e6298062,3.6855452655522614
e63504fc,2.7419886130724946
e640a6b9,3.5792618198197244
e6693dd9,3.061187883239584
e6702053,3.2155422829159748
e6a6e1af,3.207450318351914
e6c46996,4.078970703693575
e6cce993,3.380123203542072
e6e75b5a,3.6104338998761567
e6fbb647,2.374090575341629
e731a4d4,3.785578989080715
e73d822b,5.142638463465825
e74a7639,2.7784072693993647
e74cdd1b,2.9311036400708685
e76cf799,4.698433373619414
e7808797,4.429730273318571
e78f568c,4.189580033663991
e794f432,3.3550794789329883
e7bf19b1,2.691825616996551
e7f05c8a,3.0942617603808915
e7fe6607,4.858941880551367
e80f36a0,3.61479826203185
e817ec7a,4.597926327025575
e86a132d,3.692673465086932
e86ef821,2.8547127363992675
e8a6381d,4.2524763605427145
e8b674c1,3.252314419036377
e8f1926a,1.3667845584573477
e937b66e,4.22482623752614
e952ad6f,3.9206562413626522
e98e0a41,3.6750645844156113
e9901ca6,4.22231298956641
e99a18d1,3.1039348542722394
e9b68199,4.963873391219561
e9bac206,4.162560456646227
e9e25b02,3.616328654263356
ea0dfde0,4.0306279305417085
ea0f84a6,3.3917974191492846
ea411cc5,3.771075989955366
ea43e32d,2.2093039440947075
ea6f3b93,3.79417856219908
ea71cc1a,2.9102457002827022
ea735e2d,2.990420749692797
ea7c2867,2.156023742706975
ea95de7c,4.5988245226723885
eac07dd0,3.676016333577201
eac9e436,4.809484974673697
eaed1826,3.60645528826574
eb5b8e69,3.606792835089081
eb5d1609,3.57196766802555
eb7992ef,3.118648746233869
eb968f4a,3.94219249188444
eba9ed17,4.1240732000656255
ebd38edc,3.0959537446487966
ebe17e7d,4.2827141804910935
ebf6d57e,3.2543576411422985
ec0efc3e,3.6435883951981825
ec1bfe78,2.4642219515121426
ec234dba,2.7596425889028513
ec324099,4.538430223654195
ec339aeb,3.142232356028045
ec816a28,4.685272987917026
ec9a3e6d,3.9756478419442054
ecafe4d8,2.7708397864088985
ecb4af9f,5.044144980891502
ece37736,3.7759309601633273
ed172a79,3.934355598571078
ed3202cf,4.160763147632366
ed51c841,2.9652300528088733
ed8734dd,3.670494261295181
ed9933ce,2.5826589396904867
edc6ce98,2.445148459809465
edd55568,4.330734570294249
ede8940b,5.090208510201781
ee11b25c,2.376795765580969
ee1a9853,4.1696039496538635
ee2a0546,4.908396606473456
ee34c541,3.351791728113651
ee4a8e44,4.531960434047852
ee5110f5,2.9727962532788754
ee5ecc19,3.4450233885240737
ee73809c,2.637436174043574
ee80edbb,4.49360599422504
ee911fdc,4.463635765384579
eea1cab8,3.6633880331335127
eed0ee0e,3.563467217736392
eed37e33,4.927256384466081
eed7c3f4,3.0502656525427594
eeda6773,4.281700256056101
eef796e6,1.4909020418366798
ef49c621,5.5775910589006985
ef4bcc6b,3.292883518695785
ef57841d,4.375030151861149
ef5beee6,4.106322002295543
ef754fae,2.308756680167013
ef7c6ea1,5.3169087347372015
efa94074,3.2042242558286564
efaa8ea2,3.760146433861685
efad11bd,4.268337229622629
efb39280,4.31498713368772
f009c177,5.361270762825783
f01e26bb,4.775640234507821
f0209f34,3.624282762149834
f04670f7,5.265109817385034
f08f6465,2.198558448905551
f0c5c4f2,3.330433705708762
f0da0629,4.857964388500626
f0fb2654,3.5716694473456645
f16080ce,2.116272360062376
f1731319,4.514486061144691
f17fa30e,4.927943257743126
f185661d,4.062522519649498
f19fb786,4.131656370746865
f1d5d6b9,1.9122004111648747
f1f4cc46,2.484496959837681
f2021d46,4.10201505362454
f202bb11,5.351772892130447
f209bec2,2.6393405010607704
f212d295,3.6597355267409464
f22ce81b,3.9918989852885876
f2399f11,3.7723309949883466
f2597afd,4.085229732238005
f26e1dd2,2.0493136953336473
f27ece1e,2.777704529590033
f28baf86,3.948489520629361
f28f6017,3.911241097991347
f292a107,3.9108282929337457
f29f284a,2.1897250959555645
f2c4d0bb,3.0294637578280583
f2c7963f,3.854290532641301
f30d37f9,2.177024328453213
f31cd643,4.58869700240427
f359fc4a,5.200327681952476
f3778d8e,4.386330948497648
f38fcfd4,2.6978459027321096
f3ad364f,5.110585834481024
f3b6b53e,4.751059131117278
f3e08757,5.136793875660158
f3e59808,3.487406930390009
f3f9174e,2.3349459804759665
f3fb665a,3.5992462972748416
f3fcf7ad,3.5056993294769403
f4080033,4.173410851858353
f413c831,1.624250532867433
f418ed5f,4.916638125712097
f422aeed,3.508490435472118
f42b441c,3.657783748216084
f42b9e9f,3.8967731117853037
f439e38d,4.900452668801763
f43db247,3.977226871690081
f44c5550,4.62559613635517
f44f11f1,4.648355105522001
f462f23c,3.820482251715694
f495bc5e,4.6683220444621405
f5003d20,3.439783867665492
f518aa1d,3.833167819115043
f55c1c6b,2.183833426907177
f564c467,1.9690472201085012
f56f5478,2.8463112127070658
f57d7159,4.673036088477912
f58a6673,4.685778508615138
f599185c,3.0714000648979476
f5a49c19,3.210898335782227
f5ae59e6,2.69300460940952
f5b04434,3.1472342576868955
f5d14e2c,3.0467531772903618
f5d8ccf9,3.5875348915192613
f605d266,2.63241571823783
f606143f,4.351843381073961
f62fd7f3,4.488968305045782
f646700f,3.968885916293095
f64b2e1f,3.86834447117269
f64d14ff,4.943918304865916
f65551e4,4.4759518050105145
f65da054,2.259111427024797
f686be9a,4.804679236451869
f68fab1a,3.703648021120741
f69a7e8b,4.736159748589627
f6ba36c4,4.9344229456645605
f737aea7,2.7258845292825638
f73a3078,3.89037723518729
f748f79f,4.184796921787155
f7551231,3.452651806028554
f772262b,2.295151635440898
f79335cf,4.022689311765538
f7a8641b,3.423836958314535
f7cf9bbf,3.301460915667627
f802dd9a,3.2087085774036685
f82c8d7f,3.5814224160070838
f8699abe,4.405308192474226
f875f75f,3.9102766969429195
f888ab41,2.382107758321713
f8bed397,4.18277606223334
f8f00deb,2.0293582851587644
f9511ff8,3.0608330842675957
f95ee168,3.9981541132228164
f9b99dd4,2.4250978921395174
f9cf5bf0,3.408486547188797
f9d1846d,4.126998777678356
f9d3981d,3.6467015989721587
f9eec00e,4.478371884487449
f9f9b53f,4.006377355137168
f9fd3268,5.443237871301966
fa1a67ba,2.292330310316241
fa34f270,2.783787209246891
fa489e99,5.363062206629944
fa6893a9,4.235950271680369
fa7a179f,3.6945213613852035
faa72937,1.842856911743143
fadcab5b,4.467613538613156
fae5bded,4.727978653870331
fb2cb7e6,4.238936212909578
fb4902e4,4.317012336904374
fb53dda6,3.1253446936214644
fb682f46,4.183642473308046
fb6c9c09,2.1341509531247076
fb7849a6,3.6066380438130805
fb9b8674,3.017279898806764
fc04d65c,4.389945120037296
fc0d73b1,3.5783736943754376
fc564f46,2.819733340631682
fc76950f,5.11667512038483
fc95c51a,5.070659741253833
fca422ea,2.898787764010296
fcd51d95,3.904679250606934
fd1e6766,3.7702737963685116
fd25a501,3.845814571542844
fd3ee9bb,4.959708799703263
fd565688,3.802159815026831
fd77c29e,3.6451150849280123
fd802ea8,2.618661401453114
fd86ee30,5.190603963212621
fda155fa,4.9621840805431745
fde20dd8,4.753586390058539
fdecb7b7,3.508479743507087
fe092635,4.0713217779118045
fe2065cc,2.4256095389181627
fe4b82ea,3.769685865706493
fe517d36,2.878703851577409
fe5f3bdb,3.4464009174555805
fe746252,3.6550223363503096
fe7cb4da,4.051794646594285
fea58520,3.7392042859146795
fed10058,3.8265822453663123
fedefb50,4.115006160641103
fee38d19,3.333181939781584
fef49516,3.4047838018932075
ff25c55d,3.7468275806308537
ff2f2711,3.1373958215067734
ff387a10,3.7879623953470523
ff5ac707,2.7863937407072474
ff635a91,3.85667979883125
ff7f1779,4.076974650709861
ff90a677,3.896314378859684
ff9a11ae,4.129769702140661
ff9d1032,3.6545841530893886
ffab2ba4,3.791940295618439
ffb8c745,3.446794858616493
ffbef7e5,3.8839455029656342
ffccd6fd,2.0192756660074394
ffec5b38,4.615376701416448
fff05981,3.164909509471053
